Names,Runs,Innings,Average
" Asghar Afghan 
","2,078",102,23.88
" Dawlat Ahmadzai
",–,3,–
" Hamid Hassan
",92,33,7.07
" Hasti Gul
",23,2,–
" Karim Sadiq 
",475,24,23.75
" Khaleqdaad Noori
",40,6,13.33
" Mohammad Nabi 
","2,592",112,29.12
" Nawroz Mangal 
","1,139",49,27.11
" Noor Ali Zadran
","1,153",48,25.06
" Raees Ahmadzai
",88,5,29.33
" Samiullah Shenwari
","1,737",81,28.47
" Ahmed Shah
",2,1,2.00
" Mirwais Ashraf
",387,46,14.33
" Mohammad Shahzad 
","2,720",82,34.43
" Shapoor Zadran
",67,44,6.70
" Shafiqullah 
",430,24,22.63
" Aftab Alam
",66,24,13.20
" Shabir Noori
",191,10,19.10
" Javed Ahmadi
",971,42,24.89
" Noor-ul-Haq
",12,2,6.00
" Abdullah Mazari
",3,2,3.00
" Izatullah Dawlatzai
",7,5,3.50
" Dawlat Zadran
",502,77,20.08
" Gulbadin Naib 
",830,55,21.84
" Amir Hamza
",23,31,3.28
" Zakiullah Zaki
",3,1,–
" Najibullah Zadran
","1,270",56,30.23
" Mohibullah Oryakhel
",–,2,–
" Rahmat Shah
","2,001",61,36.38
" Hashmatullah Shahidi
",865,31,34.60
" Usman Ghani
",411,15,27.40
" Sharafuddin Ashraf
",53,15,8.83
" Nasir Jamal
",352,16,27.07
" Afsar Zazai 
",264,17,17.60
" Fareed Ahmad
",1,5,–
" Rashid Khan 
",798,59,22.80
" Yamin Ahmadzai
",3,3,3.00
" Rokhan Barakzai
",–,1,–
" Naveen-ul-Haq
",0,2,–
" Ihsanullah
",307,16,21.92
" Karim Janat
",9,1,9.00
" Najeeb Tarakai
",5,1,5.00
" Mujeeb Ur Rahman
",41,30,5.85
" Hazratullah Zazai
",183,8,22.87
" Ikram Ali Khil 
",6,2,6.00
" Sayed Shirzad
",–,1,–
" Zahir Khan
",–,1,–
Greg Chappell,"2,331",72,40.18
Ian Chappell,673,16,48.07
Alan Connolly,0,0,n/a
Bill Lawry,27,1,27.00
Graham McKenzie,0,0,n/a
Ashley Mallett,14,3,7.00
Rod Marsh,"1,225",76,20.08
Ian Redpath,46,5,9.20
Keith Stackpole,224,6,37.33
Alan Thomson,0,0,n/a
Doug Walters,513,24,28.50
Ross Edwards,255,8,36.42
Dennis Lillee,240,34,9.23
Bob Massie,16,1,n/a
Paul Sheahan,75,3,25.00
Graeme Watson,11,2,11.00
David Colley,0,0,n/a
Jeff Hammond,15,1,n/a
Ray Bright,66,8,16.50
Ian Davis,12,3,6.00
Geoff Dymock,35,7,11.66
Gary Gilmour,42,2,42.00
Max Walker,79,11,9.87
Ashley Woodcock,53,1,53.00
Wally Edwards,2,1,2.00
Alan Hurst,7,4,n/a
Terry Jenner,12,1,12.00
Jeff Thomson,181,30,7.54
Rick McCosker,320,14,22.85
Alan Turner,247,6,41.16
Gary Cosier,154,7,30.80
David Hookes,826,36,24.29
Mick Malone,36,7,9.00
Kerry O'Keeffe,16,2,16.00
Len Pascoe,39,11,9.75
Craig Serjeant,73,3,24.33
Kim Hughes,"1,968",88,24.00
Richie Robinson,82,2,41.00
Ian Callen,6,3,6.00
Wayne Clark,0,0,n/a
Rick Darling,363,18,21.35
Trevor Laughlin,105,5,26.25
Steve Rixon,40,6,13.33
Bob Simpson,36,2,18.00
Peter Toohey,105,4,52.50
Graeme Wood,"2,219",77,33.62
Graham Yallop,823,27,39.19
Bruce Yardley,58,4,14.50
Allan Border,"6,524",252,30.62
Phil Carlson,11,2,5.50
John Maclean,11,1,11.00
Andrew Hilditch,226,8,28.25
Rodney Hogg,137,35,9.13
Kevin Wright,29,2,14.50
Jeff Moss,7,1,7.00
Graeme Porter,3,1,3.00
Bruce Laird,594,23,29.70
Julien Wiener,140,7,20.00
Dav Whatmore,2,1,2.00
John Dyson,755,27,32.82
Trevor Chappell,229,13,17.61
Shaun Graf,24,6,4.00
Geoff Lawson,378,52,11.11
Martin Kent,78,5,19.50
Graeme Beard,0,0,n/a
Terry Alderman,32,18,2.66
Dirk Wellham,379,17,25.26
Greg Ritchie,959,42,27.40
Wayne B. Phillips,852,41,24.34
Carl Rackemann,34,18,2.83
Kepler Wessels[74],"1,740",51,36.25
John Maguire,42,11,7.00
Tom Hogan,72,12,9.00
Ken MacLeay,139,13,12.63
Steve Smith,861,24,39.13
Mike Whitney,40,13,6.66
Roger Woolley,31,3,31.00
Greg Matthews,619,50,16.72
Dean Jones,"6,068",161,44.61
David Boon,"5,964",177,37.04
Murray Bennett,9,4,3.00
Craig McDermott,432,78,7.08
Simon O'Donnell,"1,242",64,25.34
Bob Holland,0,0,n/a
Rod McCurdy,33,6,8.25
Robbie Kerr,97,4,32.33
Simon Davis,20,11,5.00
Dave Gilbert,39,8,7.80
Bruce Reid,49,21,3.76
Steve Waugh,"7,569",288,32.90
Geoff Marsh,"4,357",115,39.97
Glenn Trimble,4,2,4.00
Tim Zoehrer,130,15,10.83
Greg Dyer,174,13,15.81
Glenn Bishop,13,2,6.50
Peter Taylor,437,47,19.86
Mike Veletta,484,19,32.26
Tom Moody,"1,211",64,23.28
Tim May,39,12,9.75
Andrew Zesers,10,2,n/a
Tony Dodemaide,124,16,13.77
Ian Healy,"1,764",120,21.00
Jamie Siddons,32,1,32.00
Merv Hughes,100,17,11.11
Mark Waugh,"8,500",236,39.35
Greg Campbell,6,3,3.00
Mark Taylor,"3,514",110,32.23
Paul Reiffel,503,57,13.97
Damien Martyn,"5,346",182,40.80
Shane Warne[114],"1,016",106,13.02
Matthew Hayden[114],"6,131",154,44.10
Brendon Julian,224,17,13.17
Glenn McGrath[114],115,67,3.96
Michael Slater,987,42,24.07
Damien Fleming,152,31,11.69
Michael Bevan,"6,912",196,53.58
Justin Langer,160,7,32.00
Jo Angel,0,1,0.00
Gavin Robertson,45,7,15.00
Phil Emery,11,1,n/a
Stuart Law,"1,237",51,26.89
Greg Blewett,551,30,20.40
Ricky Ponting[114],"13,589",364,41.81
Shane Lee,477,35,17.66
Michael Kasprowicz,74,13,18.50
Brad Hogg,790,65,20.25
Jason Gillespie,289,39,12.56
Darren Lehmann,"3,078",101,38.96
Adam Gilchrist[114],"9,595",278,35.93
Andy Bichel,471,36,20.47
Anthony Stuart,1,1,1.00
Adam Dale,78,12,19.50
Michael Di Venuto,241,9,26.77
Matthew Elliott,1,1,1.00
Ian Harvey,715,51,17.87
Paul Wilson,4,5,1.33
Jimmy Maher,438,20,25.76
Bradley Young,31,3,15.50
Andrew Symonds,"5,088",161,39.75
Brett Lee,1176,110,17.81
Stuart MacGill,1,2,1.00
Nathan Bracken,199,35,11.70
Simon Katich,"1,324",42,35.78
Brad Haddin,"3,122",115,31.53
Brad Williams,27,6,13.50
Ryan Campbell,54,2,27.00
Nathan Hauritz,336,32,22.40
Shane Watson,"5,757",169,40.54
Michael Clarke,"7,981",223,44.58
Michael Hussey,"5,442",157,48.15
James Hopes,"1,326",61,25.01
Cameron White,"2,072",77,33.96
Stuart Clark,69,12,13.80
Brad Hodge,575,21,30.26
Mick Lewis,4,1,n/a
Mitchell Johnson,951,91,16.11
Brett Dorey,2,1,2.00
Phil Jaques,125,6,20.83
Dan Cullen,2,1,n/a
Mark Cosgrove,112,3,37.33
Ben Hilfenhaus,29,11,9.66
Shaun Tait,25,7,12.50
Adam Voges,870,28,45.78
Ashley Noffke,0,0,n/a
Shaun Marsh,"2,747",70,41.62
Luke Ronchi[171],76,2,38.00
David Hussey,"1,796",61,32.65
Brett Geeves,10,2,n/a
Ryan Harris,48,13,8.00
David Warner,"4,343",104,43.71
Callum Ferguson,663,25,41.43
Peter Siddle,31,6,10.33
Ben Laughlin,1,1,n/a
Shane Harwood,0,1,n/a
Doug Bollinger,50,8,8.33
Marcus North,6,2,3.00
Dirk Nannes,1,1,1.00
Tim Paine,890,35,27.81
 Moisés Henriques,81,10,9.00
Graham Manou,7,1,7.00
Clinton McKay,190,31,9.04
Steve Smith,"3,431",94,41.84
Josh Hazlewood,37,13,18.50
John Hastings,271,21,27.10
Mitchell Starc,280,38,12.72
Xavier Doherty,101,23,14.42
Jason Krejza,13,2,13.00
James Pattinson,42,8,10.50
Pat Cummins,183,27,11.43
Mitch Marsh,"1,428",49,35.70
Daniel Christian,273,18,21.00
Matthew Wade,"1,777",80,25.75
Peter Forrest,368,14,26.28
Nathan Lyon,69,11,23.00
George Bailey,"3,044",85,40.58
Glenn Maxwell,"2,700",90,33.33
Aaron Finch,"4,052",105,39.33
Phillip Hughes,826,24,35.91
Usman Khawaja,"1,238",30,44.21
Ben Cutting,53,2,26.50
Kane Richardson,50,9,10.00
James Faulkner,"1,032",52,34.40
Fawad Ahmed,4,1,n/a
Nathan Coulter-Nile,154,18,12.83
Sean Abbott,3,1,3.00
Gurinder Sandhu,0,0,n/a
Joe Burns,146,6,24.33
Ashton Agar,144,8,20.57
Marcus Stoinis,963,31,38.52
Scott Boland,9,4,3.00
Joel Paris,0,0,n/a
Adam Zampa,99,18,7.07
Travis Head,"1,273",39,34.40
Daniel Worrall,6,1,n/a
Joe Mennie,1,2,0.50
Chris Tremain,23,3,23.00
Chris Lynn,75,4,18.75
Billy Stanlake,4,5,1.33
Peter Handscomb,628,19,34.88
Sam Heazlett,4,1,4.00
Hilton Cartwright,2,2,1.00
Andrew Tye,57,7,14.25
Alex Carey,429,17,30.64
Jhye Richardson,68,7,13.60
Michael Neser,8,2,4.00
D'Arcy Short,83,4,27.66
Jason Behrendorff,7,2,n/a
Ashton Turner,125,3,62.50
Gazi Ashraf,59,7,8.42
Gholam Nousher,8,3,8.00
Golam Faruq,44,4,22.00
Hafizur Rahman,8,1,8.00
Jahangir Shah,16,4,8.00
Minhajul Abedin,453,26,18.87
Nurul Abedin,15,4,3.75
Rafiqul Alam,24,2,12.00
Raqibul Hasan,17,2,8.50
Samiur Rahman,4,2,2.00
Shaheedur Rahman,62,2,31.00
Aminul Islam,794,39,23.35
Athar Ali Khan,532,19,29.55
Azhar Hossain,96,7,13.71
Harunur Rashid,0,2,0.00
Nasir Ahmed,25,4,12.50
Zahid Razzak,14,3,4.66
Akram Khan,976,44,23.23
Faruk Ahmed,105,7,15.00
Wahidul Gani,-,0,-
Enamul Haque,236,26,11.23
Jahangir Alam Talukdar,7,1,-
Saiful Islam,37,4,18.50
Anisur Rahman,2,2,1.00
Javed Omar,1312,59,23.85
Khaled Mashud,1818,110,21.90
Mohammad Rafique1,1190,104,13.52
Sajjad Ahmed,15,2,7.50
Habibul Bashar,2168,105,21.68
Hasibul Hossain,172,26,8.60
Naimur Rahman,488,27,19.52
Salahuddin Ahmed,24,5,12.00
Mafizur Rahman,53,4,17.66
Zakir Hasan,-,0,-
Jahangir Alam,4,3,1.33
Shahriar Hossain,98,5,19.80
Shafiuddin Ahmed,22,10,5.50
Khaled Mahmud,991,72,14.36
Sanwar Hossain,290,27,11.60
Shariful Haque,10,1,10.00
Zakir Hossain,0,1,0.00
Mehrab Hossain,449,18,24.94
Morshed Ali Khan,2,1,-
Al Sahariar,374,29,13.35
Manjural Islam,53,22,5.88
"Aminul Islam, Jr.",1,1,-
Mahbubur Rahman,3,1,3.00
Niamur Rashid,5,2,5.00
Ahmed Kamal,11,1,11.00
Mushfiqur Rahman,360,25,16.36
Mohammad Sharif,53,9,13.25
Mohammad Ashraful1,3468,168,22.37
Fahim Muntasir,6,1,3.00
Mashrafe Mortaza1,1738,149,14.13
Tushar Imran,574,40,14.35
Tareq Aziz,26,8,26.00
Alok Kapali,1235,66,19.60
Tapash Baisya,336,41,12.00
Hannan Sarkar,383,20,19.15
Mazharul Haque,3,1,3.00
Talha Jubair,5,5,2.50
Anwar Hossain Monir,0,1,-
Rafiqul Islam,0,1,0.00
Ehsanul Haque,57,6,9.50
Anwar Hossain,42,1,42.00
Mohammad Salim,9,1,9.00
Rajin Saleh,1005,43,23.92
Jamaluddin Ahmed,18,1,-
Manjural Islam Rana,331,21,20.68
Nafees Iqbal,309,16,19.31
Moniruzzaman,1,2,0.50
Faisal Hossain,43,5,10.75
Abdur Razzak,779,97,13.43
Aftab Ahmed,1954,85,24.73
Nazmul Hossain,35,21,4.37
Enamul Haque Jr,12,5,3.00
Shahriar Nafees,2201,75,31.44
Syed Rasel,81,27,5.06
Shahadat Hossain,79,27,7.90
Farhad Reza,412,31,16.18
Mushfiqur Rahim,5558,191,34.95
Shakib Al Hasan,5717,186,35.73
"Mehrab Hossain, Jr.",276,16,17.25
Tamim Iqbal,6636,191,36.26
Mahmudullah,3757,151,34.15
Junaid Siddique,1196,53,23.00
Dhiman Ghosh,126,12,14.00
Mosharraf Hossain,26,5,6.50
Raqibul Hasan,1308,54,27.82
Nazimuddin,147,11,13.36
Dolar Mahmud,61,4,15.25
Naeem Islam,975,51,27.08
Imrul Kayes,2434,78,32.02
Mahbubul Alam,81,2,40.50
Rubel Hossain,123,49,4.73
Shafiul Islam,126,31,6.30
Suhrawadi Shuvo,98,10,14.00
Jahurul Islam,270,13,22.50
Nasir Hossain,1281,52,29.11
Shuvagata Hom,70,3,35.00
Elias Sunny,2,4,1.00
Abul Hasan,11,3,3.66
Anamul Haque,1038,34,30.52
Mominul Haque,557,26,22.28
Sohag Gazi,184,16,15.33
Ziaur Rahman,124,11,11.27
Robiul Islam,0,1,-
Shamsur Rahman,266,10,26.60
Al-Amin Hossain,4,7,2.00
Arafat Sunny,48,11,12.00
Mohammad Mithun,420,15,32.30
Taskin Ahmed,41,16,4.10
Sabbir Rahman,1219,54,25.93
Jubair Hossain,5,1,5.00
Soumya Sarkar,1467,43,36.67
Taijul Islam,21,2,10.50
Liton Das,584,28,21.62
Mustafizur Rahman,57,21,9.50
Mosaddek Hossain,407,22,33.91
Nurul Hasan,68,2,34.00
Subashis Roy,1,1,-
Tanbir Hayder,5,2,2.50
Mehidy Hasan Miraz,291,16,20.78
Sunzamul Islam,19,1,19.00
Mohammad Saifuddin,175,7,29.16
Abu Hider,1,1,1.00
Nazmul Hossain Shanto,20,3,6.66
Nazmul Islam,7,1,7.00
Fazle Mahmud,0,2,0.00
Ariful Haque,-,-,-
Abu Jayed,-,-,-
"Lionel Cann
","590
","26
","26.81
"
"Hasan Durham
","35
","9
","8.75
"
"Dwayne Leverock
","111
","32
","11.10
"
"Dean Minors 
","478
","20
","26.55
"
"Daniel Morgan
","2
","2
","1.00
"
"Saleem Mukuddem
","331
","20
","23.64
"
"George O'Brien
","38
","9
","5.42
"
"Azeem Pitcher
","36
","4
","9.00
"
"Irving Romaine 
","783
","35
","25.25
"
"Janeiro Tucker 
","496
","26
","19.84
"
"Kwame Tucker 
","95
","12
","9.50
"
"Treadwell Gibbons
","33
","2
","16.50
"
"Kevin Hurdle
","85
","19
","10.62
"
"Ryan Steede
","70
","8
","11.66
"
"Delyone Borden
","98
","12
","14.00
"
"Steven Outerbridge
","336
","23
","14.60
"
"Clay Smith
","192
","12
","16.00
"
"David Hemp
","641
","22
","33.73
"
"Malachi Jones
","113
","12
","11.30
"
"Stefan Kelly
","14
","10
","–
"
"Arthur Pitcher
","20
","3
","6.66
"
"Oliver Pitcher
","72
","5
","14.40
"
"Dwight Basden 
","12
","2
","6.00
"
"James Celestine
","60
","8
","7.50
"
"Jekon Edness 
","252
","11
","28.00
"
"Jacobi Robinson
","27
","3
","13.50
"
"Chris Lonsdale
","4
","1
","4.00
"
"Rodney Trott
","130
","11
","21.66
"
"Kyle Hodsoll
","2
","3
","2.00
"
"Oronde Bascome
","65
","6
","10.83
"
"Chris Foggo
","106
","4
","26.50
"
"Tamauri Tucker
","–
","5
","–
"
"Dennico Hollis
","15
","1
","–
"
"McLaren Smith
","–
","1
","–
"
"Chris Douglas
","122
","2
","61.00
"
"Glenn Blakeney
","72
","2
","36.00
"
"Fiqre Crockwell 
","68
","2
","34.00
"
"Christopher Chappell
",38,3,12.66
"Franklyn Dennis
",47,3,15.66
"Cornelius Henry
",6,2,6.00
"Cecil Marshall
",10,2,5.00
"Bryan Mauricette 
",20,3,6.66
"Jitendra Patel
",3,3,1.00
"Glenroy Sealy
",73,3,24.33
"Martin Stead
",10,2,5.00
" Tariq Javed
",15,3,5.00
"John Valentine
",3,3,–
"John Vaughan
",30,3,10.00
"Robert Callender
",0,2,0.00
"Charles Baksh
",0,1,0.00
"Ashish Bagai 
","1,964",62,37.76
"Ian Billcliff
",529,19,27.84
"Desmond Chumney
",397,21,20.89
"Austin Codrington
",47,9,5.87
"John Davison 
",799,32,26.63
"Nicholas de Groot
",44,6,7.33
"Joseph Harris 
",91,6,15.16
"Davis Joseph
",13,4,–
"Ishwar Maraj
",98,6,19.60
"Abdul Sattaur
",20,3,6.66
"Sanjayan Thuraisingam
",45,10,6.42
"Barry Seebaran
",4,4,4.00
"Nicholas Ifill
",16,4,5.33
"Ashish Patel
",25,2,25.00
"Abdool Samad
",740,27,29.60
"Geoff Barnett
",455,22,20.68
"Umar Bhatti 
",378,36,17.18
"Sunil Dhaniram 
",915,44,24.72
"Haninder Dhillon
",14,2,7.00
"Stewart Heaney
",41,4,10.25
"Henry Osinde
",64,42,4.26
"Kevin Sandher
",35,15,5.83
"George Codrington 
",235,17,19.58
"Don Maxwell
",166,10,27.66
" Qaiser Ali 
",244,17,15.25
"Sandeep Jyoti
",264,14,22.00
"Surendra Seeraj 
",13,1,–
"Durand Soraine
",14,4,3.50
"Steven Welsh
",41,3,20.50
"Asif Mulla 
",482,24,20.08
"Anderson Cummins
",27,13,4.50
"Trevin Bastiampillai
",175,13,13.46
"Mohsin Mulla
",1,1,1.00
" Shahzad Khan
",4,1,4.00
" Abdul Jabbar
",59,2,29.50
"Calvert Hooper
",49,5,16.33
"Arvind Kandappah
",97,2,97.00
" Mohammad Iqbal
",54,5,10.80
"Jason Patraj
",21,2,10.50
"Aftab Shamshudeen
",3,1,3.00
"Harvir Baidwan
",220,32,14.66
"Zubin Surkari 
",328,23,17.26
" Sami Faridi
",19,3,9.50
"Ruvindu Gunasekera
",455,19,23.94
"Eion Katchay
",23,5,11.50
"Manoj David
",82,4,27.33
"Karun Jethi
",87,3,43.50
" Rizwan Cheema 
",764,33,24.64
" Balaji Rao
",59,10,7.37
" Khurram Chohan
",165,25,12.69
"Shaheed Keshvani
",21,5,10.50
"Zameer Zahir
",3,1,–
"Hiral Patel
",468,23,21.27
"Jawad Dawood 
",25,2,–
" Usman Limbada
",189,11,18.90
"Nitish Kumar
",217,16,15.50
"Parth Desai
",8,13,2.66
"Jimmy Hansra 
",421,24,23.38
"Tyson Gordon
",27,5,5.40
"Karl Whatham
",18,1,18.00
" Hamza Tariq 
",116,7,16.57
" Junaid Siddiqui
",67,9,13.40
"Rustam Bhatti 
",3,1,–
" Zahid Hussain
",9,2,9.00
"Damodar Daesrath
",95,4,31.66
"Jeremy Gordon
",7,5,3.50
"Darren Ramsammy 
",0,1,0.00
" Zeeshan Siddiqi
",50,2,25.00
"Nikhil Dutta
",–,1,–
" Raza-ur-Rehman
",225,6,45.00
"Rayyan Pathan
",2,1,2.00
"Kenneth Kamyuka
",2,2,2.00
"Frasat Ali
","57
","3
","19.00
"
"Harilal Shah 
","6
","3
","2.00
"
"Jawahir Shah
","46
","3
","15.33
"
"Hamish McLeod 
","5
","2
","2.50
"
"Mehmood Quaraishy
","41
","3
","20.50
"
"John Nagenda
","–
","1
","–
"
"Parbhu Nana
","9
","3
","9.00
"
"Ramesh Sethi
","54
","3
","18.00
"
"Shiraz Sumar
","4
","1
","4.00
"
"Samuel Walusimbi
","38
","3
","12.66
"
"Zulfiqar Ali
","39
","3
","19.50
"
"Praful Mehta 
","12
","1
","12.00
"
"Donald Pringle
","5
","2
","2.50
"
"Yunus Badat
","1
","2
","0.50
"
"Geoffrey Boycott 
","1,082",36,36.06
"Colin Cowdrey
",1,1,1.00
"Basil D'Oliveira
",30,4,10.00
"John Edrich 
",223,7,37.16
"Keith Fletcher 
",757,24,39.84
"John Hampshire
",48,3,24.00
"Ray Illingworth 
",5,3,2.50
"Alan Knott 
",200,20,20.00
"Peter Lever
",17,10,17.00
"Ken Shuttleworth
",7,1,7.00
"John Snow
",9,9,4.50
"Dennis Amiss
",859,18,47.72
"Geoff Arnold
",48,14,16.00
"Brian Close 
",49,3,16.33
"Tony Greig 
",269,22,16.81
"Bob Woolmer
",21,6,5.25
"Barry Wood
",314,13,31.40
"Frank Hayes
",128,6,25.60
"Graham Roope
",173,8,21.62
"Derek Underwood
",53,26,5.88
"Mike Denness 
",264,12,29.33
"Mike Hendrick
",6,22,1.20
"Chris Old
",338,32,18.77
"Mike Smith
",70,5,31.65
"Bob Taylor 
",130,27,13.00
"Bob Willis 
",83,64,10.37
"John Jameson
",60,3,20.00
"David Lloyd
",285,8,40.71
"Robin Jackman
",54,15,6.75
"Brian Luckhurst
",15,3,5.00
"Fred Titmus
",11,2,11.00
"Graham Barlow
",149,6,29.80
"Ian Botham 
","2,113",116,23.21
"Graham Gooch 
","4,290",125,36.98
"John Lever
",56,22,8.00
"David Steele
",8,1,8.00
"Derek Randall
","1,067",49,26.67
"Mike Brearley 
",510,25,24.28
"Peter Willey
",538,26,23.39
"Geoff Miller
",136,25,8.50
"Paul Downton 
",242,28,16.13
"Phil Edmonds
",116,29,10.54
"Mike Gatting 
","2,095",92,29.50
"Brian Rose
",99,2,49.50
"Geoff Cope
",1,2,–
"David Gower 
","3,170",114,30.77
"Clive Radley
",250,4,83.33
"Roger Tolchard 
",–,1,–
"David Bairstow 
",206,21,14.71
"Wayne Larkins
",591,25,24.62
"Graham Dilley
",114,36,11.40
"John Emburey 
",501,61,14.31
"Graham Stevenson
",43,4,43.00
"Chris Tavaré
",720,29,27.69
"Vic Marks
",285,34,13.57
"Bill Athey
",848,31,31.40
"Alan Butcher
",14,1,14.00
"Roland Butcher
",58,3,19.33
"Geoff Humpage 
",11,3,5.50
"Jim Love
",61,3,20.33
"Geoff Cook
",106,6,17.66
"Jack Richards 
",154,22,11.84
"Paul Allott
",15,13,3.00
"Allan Lamb 
","4,010",122,39.31
"Eddie Hemmings
",30,33,5.00
"Derek Pringle
",425,44,23.61
"Norman Cowans
",13,23,2.60
"Trevor Jesty
",127,10,21.16
"Ian Gould 
",155,18,12.91
"Graeme Fowler 
",744,26,31.00
"Neil Foster
",150,48,11.53
"Chris Smith
",109,4,27.25
"Nick Cook
",–,3,–
"Andy Lloyd
",101,3,33.66
"Richard Ellison
",86,14,10.75
"Tim Robinson
",597,26,22.96
"Jonathan Agnew
",2,3,–
"Chris Cowdrey
",51,3,25.50
"Martyn Moxon
",174,8,21.75
"Bruce French 
",34,13,6.80
"Norman Gifford 
",0,2,0.00
"Colin Wells
",22,2,11.00
"Rob Bailey
",137,4,68.50
"Pat Pocock
",4,1,4.00
"Les Taylor
",1,2,–
"Greg Thomas
",1,3,1.00
"Wilf Slack
",43,2,21.50
"David Smith
",15,2,15.00
"Mark Benson
",24,1,24.00
"Chris Broad
","1,361",34,40.02
"Phillip DeFreitas
",690,103,16.04
"Gladstone Small
",98,53,6.53
"David Capel
",327,23,19.23
"Neil Fairbrother
","2,092",75,39.47
"James Whitaker
",48,2,48.00
"Jack Russell 
",423,40,17.62
"Paul Jarvis
",31,16,5.16
"Neal Radford
",0,6,0.00
"Monte Lynch
",8,3,2.66
"Kim Barnett
",84,1,84.00
"Robin Smith
","2,419",71,39.01
"Steve Rhodes 
",107,9,17.83
"Angus Fraser
",141,42,12.81
"Alec Stewart 
","4,677",170,31.60
"Nasser Hussain 
","2,332",88,30.28
"Chris Lewis
",374,53,14.38
"Devon Malcolm
",9,10,3.00
"Michael Atherton 
","1,791",54,35.11
"John Morris
",167,8,23.85
"Martin Bicknell
",96,7,24.00
"Phil Tufnell
",15,20,15.00
"Graeme Hick
","3,846",120,37.33
"Richard Illingworth
",68,25,11.33
"Mark Ramprakash
",376,18,28.65
"David Lawrence
",–,1,–
"Dermot Reeve
",291,29,24.25
"Richard Blakey 
",25,3,12.50
"Dominic Cork
",180,32,10.00
"Ian Salisbury
",7,4,7.00
"Paul Taylor
",1,1,1.00
"Andrew Caddick
",249,54,12.45
"Graham Thorpe 
","2,380",82,37.18
"Alan Igglesden
",20,4,10.00
"Matthew Maynard
",156,14,14.18
"Steve Watkin
",4,4,2.00
"Darren Gough
",609,158,12.42
"Shaun Udal
",35,11,11.66
"Joey Benjamin
",0,2,0.00
"Craig White
",568,51,15.77
"John Crawley 
",235,13,21.36
"Peter Martin
",38,20,6.33
"Alan Wells
",15,1,15.00
"Neil Smith
",100,7,20.00
"Mike Watkinson
",–,1,–
"Ali Brown
",354,16,22.12
"Mark Ealham
",716,64,17.46
"Ronnie Irani
",360,31,14.40
"Robert Croft
",345,50,14.37
"Dean Headley
",22,13,11.00
"Nick Knight
","3,637",100,40.41
"Graham Lloyd
",39,6,9.75
"Alan Mullally
",86,50,5.73
"Adam Hollioake 
",606,35,25.25
"Chris Silverwood
",17,7,4.25
"Ashley Giles
",385,62,17.50
"Ben Hollioake
",309,20,20.60
"Dougie Brown
",99,9,24.75
"Matthew Fleming
",139,11,15.44
"Chris Adams
",71,5,17.75
"Darren Maddy
",113,8,18.83
"Ian Austin
",34,9,6.80
"Mark Alleyne
",151,10,21.57
"Vince Wells
",141,9,20.14
"Andrew Flintoff 
","3,293",138,31.97
"Chris Read 
",300,36,17.64
"Vikram Solanki
","1,097",51,26.75
"Graeme Swann
",500,79,13.88
"Marcus Trescothick 
","4,335",123,37.37
"Paul Franks
",4,1,4.00
"Paul Grayson
",6,2,3.00
"Michael Vaughan 
","1,982",86,27.15
"Paul Collingwood 
","5,092",197,35.36
"Owais Shah
","1,834",71,30.56
"James Foster 
",41,11,13.66
"Matthew Hoggard
",17,26,4.25
"James Kirtley
",2,11,1.00
"Jeremy Snape
",118,10,29.50
"Ryan Sidebottom
",133,25,13.30
"Alex Tudor
",9,3,9.00
"Ian Blackwell
",403,34,14.92
"Gareth Batty
",30,10,5.00
"James Anderson
",273,194,7.58
"Steve Harmison
",91,58,8.27
"Rikki Clarke
",144,20,11.07
"Anthony McGrath
",166,14,16.60
"Jim Troughton
",36,6,9.00
"Richard Johnson
",16,10,5.33
"Robert Key
",54,5,10.80
"Kabir Ali
",93,14,15.50
"Andrew Strauss 
","4,205",127,35.63
"Geraint Jones 
",815,49,24.69
"Sajid Mahmood
",85,26,7.72
"Alex Wharf
",19,13,9.50
"Ian Bell
","5,416",161,37.87
"Kevin Pietersen 
","4,422",134,41.32
"Simon Jones
",1,8,1.00
"Matt Prior 
","1,282",68,24.18
"Jon Lewis
",50,13,8.33
"Chris Tremlett
",50,15,7.14
"Liam Plunkett
",584,82,19.46
"Glen Chapple
",14,1,14.00
"Jamie Dalrymple
",487,27,19.48
"Ed Joyce
",471,17,27.70
"Tim Bresnan
",871,85,19.79
"Alex Loudon
",0,1,0.00
"Alastair Cook 
","3,204",92,36.40
"Stuart Broad 
",529,121,12.30
"Michael Yardy
",326,28,20.37
"Paul Nixon 
",297,19,21.21
"Monty Panesar
",26,26,5.20
"Mal Loye
",142,7,20.28
"Ravi Bopara
","2,695",120,30.62
"Dimitri Mascarenhas
",245,20,22.27
"Luke Wright
",707,50,20.20
"Phil Mustard 
",233,10,23.30
"Tim Ambrose 
",10,5,2.50
"Samit Patel
",482,36,32.13
"Eoin Morgan 
","6,233",199,40.21
"Joe Denly
",293,13,26.63
"Adil Rashid
",543,88,20.11
"Jonathan Trott
","2,819",68,51.25
"Graham Onions
",1,4,1.00
"Steven Davies 
",244,8,30.50
"Craig Kieswetter 
","1,054",46,30.11
"James Tredwell
",163,45,11.64
"Ajmal Shahzad
",39,11,6.50
"Chris Woakes
","1,052",88,26.30
"Steven Finn
",136,69,8.00
"Jade Dernbach
",19,24,2.71
"Scott Borthwick
",18,2,9.00
"Ben Stokes
","2,217",84,37.57
"James Taylor 
",887,27,42.23
"Jonny Bairstow 
","2,329",63,47.53
"Stuart Meaker
",2,2,1.00
"Danny Briggs
",–,1,–
"Jos Buttler 
","3,531",131,41.54
"Joe Root
","5,300",132,50.47
"Gary Ballance
",297,16,21.21
"Michael Carberry
",114,6,19.00
"Boyd Rankin
",5,7,5.00
"Chris Jordan
",169,31,12.07
"Moeen Ali
","1,691",96,26.01
"Michael Lumb
",165,3,55.00
"Stephen Parry
",–,2,–
"Harry Gurney
",15,10,7.50
"Alex Hales
","2,419",70,37.79
"Zafar Ansari
",–,1,–
"Jason Roy
","2,938",76,40.80
"James Vince
",225,10,28.12
"David Willey
",279,46,18.60
"Mark Wood
",45,41,9.00
"Sam Billings 
",271,15,22.58
"Reece Topley
",7,10,7.00
"Liam Dawson
",14,3,7.00
"Jake Ball
",38,18,9.50
"Ben Duckett
",123,3,41.00
"Toby Roland-Jones
",37,1,–
"Tom Curran
",178,17,44.50
"Craig Overton
",–,1,–
"Sam Curran
",17,2,8.50
"Olly Stone
",9,4,–
"Jofra Archer
",–,3,–
"Ben Foakes 
",61,1,–
"Dawid Malan
",24,1,24.00
"Afzaal Haider
","22
","4
","7.33
"
"Manoj Cheruparambil
","30
","2
","15.00
"
"Alexander French
","24
","2
","12.00
"
"Ilyas Gul
","17
","2
","8.50
"
"Khalid Khan
","5
","2
","2.50
"
"Sher Lama
","16
","1
","–
"
"Roy Lamsam
","24
","2
","12.00
"
"Najeeb Amar
","38
","4
","12.66
"
"Rahul Sharma 
","11
","2
","5.50
"
"Tim Smart 
","34
","2
","17.00
"
"Tabarak Dar 
","101
","4
","25.25
"
"Nadeem Ahmed
","67
","25
","5.58
"
"Nasir Hameed 
","0
","1
","0.00
"
"James Atkinson 
","250
","9
","27.77
"
"Hussain Butt
","8
","2
","4.00
"
"Irfan Ahmed
","99
","6
","16.50
"
"Courtney Kruger
","3
","2
","1.50
"
"Munir Dar
","18
","2
","9.00
"
"Skhawat Ali
","46
","4
","11.50
"
"Zain Abbas
","26
","1
","–
"
"Ankur Vasishta
","36
","4
","12.00
"
"Babar Hayat 
","784
","22
","39.20
"
"Ehsan Nawaz
","30
","12
","5.00
"
"Haseeb Amjad
","112
","7
","22.40
"
"Nizakat Khan
","675
","20
","33.75
"
"Tanwir Afzal 
","292
","20
","18.25
"
"Waqas Barkat
","102
","10
","12.75
"
"Aizaz Khan
","260
","19
","20.00
"
"Anshuman Rath
","828
","18
","51.75
"
"Kinchit Shah
","136
","10
","15.11
"
"Christopher Carter 
","114
","11
","12.66
"
"Mark Chapman1
","151
","2
","151.00
"
"Waqas Khan
","67
","8
","16.75
"
"Ishtiaq Muhammad
","0
","1
","–
"
"Ehsan Khan
","102
","15
","11.33
"
"Shahid Wasif
","81
","10
","11.57
"
"Tanveer Ahmed
","4
","6
","–
"
"Kyle Christie
","0
","1
","0.00
"
"Cameron McAuslan
","35
","2
","17.50
"
"Scott McKechnie 
","108
","8
","15.42
"
"Simandeep Singh
","0
","1
","0.00
"
"Syed Abid Ali
","93
","5
","31.00
"
"Bishan Singh Bedi
","31
","10
","6.20
"
"Farokh Engineer
","114
","5
","38.00
"
"Sunil Gavaskar
","3092
","108
","35.13
"
"Madan Lal
","401
","67
","19.09
"
"Sudhir Naik
","38
","2
","19.00
"
"Brijesh Patel
","243
","10
","30.37
"
"Eknath Solkar
","27
","7
","4.50
"
"Srinivas Venkataraghavan
","54
","15
","10.80
"
"Gundappa Viswanath
","439
","25
","19.95
"
"Ajit Wadekar
","73
","2
","36.50
"
"Gopal Bose
","13
","1
","13.00
"
"Ashok Mankad
","44
","1
","44.00
"
"Mohinder Amarnath
","1924
","85
","30.53
"
"Anshuman Gaekwad
","269
","15
","20.69
"
"Karsan Ghavri
","114
","19
","11.40
"
"Syed Kirmani
","373
","49
","20.72
"
"Parthasarathy Sharma
","20
","2
","10.00
"
"Dilip Vengsarkar
","3508
","129
","34.73
"
"B. S. Chandrasekhar
","11
","1
","—
"
"Pochiah Krishnamurthy
","6
","1
","6.00
"
"Sudhakar Rao
","4
","1
","4.00
"
"Surinder Amarnath
","100
","3
","33.33
"
"Chetan Chauhan
","153
","7
","21.85
"
"Kapil Dev
","3783
","225
","23.79
"
"Yashpal Sharma
","883
","42
","28.48
"
"Bharath Reddy
","11
","3
","—
"
"Surinder Khanna
","176
","10
","22.00
"
"Kirti Azad
","269
","25
","14.15
"
"Roger Binny
","629
","72
","16.12
"
"Dilip Doshi
","9
","15
","3.00
"
"Sandeep Patil
","1005
","45
","24.51
"
"T. E. Srinivasan
","10
","2
","5.00
"
"Yograj Singh
","1
","6
","0.50
"
"Randhir Singh
","—
","2
","—
"
"Ravi Shastri
","3108
","150
","29.04
"
"Krishnamachari Srikkanth
","4091
","146
","29.01
"
"Suru Nayak
","3
","4
","3.00
"
"Arun Lal
","122
","13
","9.38
"
"Ashok Malhotra
","457
","20
","30.46
"
"Ghulam Parkar
","165
","10
","18.33
"
"Balwinder Sandhu
","51
","22
","12.75
"
"Maninder Singh
","49
","59
","12.25
"
"T. A. Sekhar
","—
","4
","—
"
"Chetan Sharma
","456
","65
","24.00
"
"Raju Kulkarni
","33
","10
","16.50
"
"Manoj Prabhakar
","1858
","130
","24.12
"
"Ashok Patel
","6
","8
","3.00
"
"Rajinder Ghai
","1
","6
","1.00
"
"Kiran More
","563
","94
","13.09
"
"Mohammad Azharuddin
","9378
","334
","36.92
"
"Sadanand Viswanath
","72
","22
","9.00
"
"Lalchand Rajput
","9
","4
","3.00
"
"Laxman Sivaramakrishnan
","5
","16
","2.50
"
"Gopal Sharma
","11
","11
","5.50
"
"Shivlal Yadav
","1
","7
","—
"
"Chandrakant Pandit
","290
","36
","20.71
"
"Raman Lamba
","783
","32
","27.00
"
"R. P. Singh
","—
","2
","—
"
"Bharat Arun
","21
","4
","10.50
"
"Navjot Singh Sidhu
","4413
","136
","37.08
"
"Arshad Ayub
","116
","32
","11.60
"
"Woorkeri Raman
","617
","27
","23.73
"
"Ajay Sharma
","424
","31
","20.19
"
"Sanjeev Sharma
","80
","23
","10.00
"
"Sanjay Manjrekar
","1994
","74
","33.23
"
"Narendra Hirwani
","8
","18
","2.00
"
"V. B. Chandrasekhar
","88
","7
","12.57
"
"Rashid Patel
","—
","1
","—
"
"M. Venkataramana
","0
","1
","—
"
"Robin Singh
","2336
","136
","25.95
"
"Salil Ankola
","34
","20
","3.77
"
"Vivek Razdan
","23
","3
","11.50
"
"Sachin Tendulkar
","18426
","463
","44.83
"
"Venkatapathy Raju
","32
","53
","4.00
"
"Atul Wassan
","33
","9
","8.25
"
"Gursharan Singh
","4
","1
","4.00
"
"Anil Kumble[19]
","903
","269
","10.37
"
"Saradindu Mukherjee
","2
","3
","—
"
"Vinod Kambli
","2477
","104
","32.59
"
"Javagal Srinath
","883
","229
","10.63
"
"Pravin Amre
","513
","37
","20.52
"
"Subroto Banerjee
","49
","6
","24.50
"
"Sourav Ganguly[19]
","11221
","308
","40.95
"
"Ajay Jadeja
","5359
","196
","37.47
"
"Vijay Yadav
","118
","19
","11.80
"
"Rajesh Chauhan
","132
","35
","10.15
"
"Nayan Mongia
","1272
","140
","20.19
"
"Venkatesh Prasad
","221
","161
","6.90
"
"Atul Bedade
","158
","13
","22.57
"
"Bhupinder Singh, Sr.
","6
","2
","6.00
"
"Aashish Kapoor
","43
","17
","7.16
"
"Prashant Vaidya
","15
","4
","7.50
"
"Utpal Chatterjee
","6
","3
","6.00
"
"Rahul Dravid[20]
","10768
","340
","39.15
"
"Vikram Rathour
","193
","7
","27.57
"
"Paras Mhambrey
","7
","3
","—
"
"Sunil Joshi
","584
","69
","17.17
"
"Sujith Somasunder
","16
","2
","8.00
"
"Pankaj Dharmani
","8
","1
","8.00
"
"Saba Karim
","362
","34
","15.73
"
"Dodda Ganesh
","4
","1
","4.00
"
"Abey Kuruvilla
","26
","25
","3.71
"
"Noel David
","9
","4
","—
"
"Nilesh Kulkarni
","11
","10
","5.50
"
"Harvinder Singh
","6
","16
","1.50
"
"Debashish Mohanty
","28
","45
","5.60
"
"Sairaj Bahutule
","23
","8
","7.66
"
"Hrishikesh Kanitkar
","339
","34
","17.84
"
"Rahul Sanghvi
","8
","10
","4.00
"
"Ajit Agarkar
","1269
","191
","14.58
"
"V. V. S. Laxman
","2338
","86
","30.76
"
"Harbhajan Singh[19]
","1213
","234
","13.32
"
"Gagan Khoda
","115
","2
","57.50
"
"M. S. K. Prasad
","131
","17
","14.55
"
"Nikhil Chopra
","310
","39
","15.50
"
"Jatin Paranjpe
","54
","4
","18.00
"
"Sanjay Raul
","8
","2
","4.00
"
"Laxmi Ratan Shukla
","18
","3
","9.00
"
"Gyanendra Pandey
","4
","2
","4.00
"
"Amay Khurasiya
","149
","12
","13.54
"
"Sadagoppan Ramesh
","646
","24
","28.08
"
"Virender Sehwag[20]
","7995
","241[21]
","35.37
"
"Jacob Martin
","158
","10
","22.57
"
"Vijay Bharadwaj
","136
","10
","27.20
"
"Thirunavukkarasu Kumaran
","19
","8
","6.33
"
"Devang Gandhi
","49
","3
","16.33
"
"Sameer Dighe
","256
","23
","23.27
"
"Sridharan Sriram
","81
","8
","13.50
"
"Hemang Badani
","867
","40
","33.34
"
"Amit Bhandari
","—
","2
","—
"
"Vijay Dahiya
","216
","19
","16.61
"
"Zaheer Khan[19]
","753
","194
","11.58
"
"Yuvraj Singh[19]
","8609
","301
","36.47
"
"Reetinder Singh Sodhi
","280
","18
","25.45
"
"Dinesh Mongia
","1230
","57
","27.95
"
"Ashish Nehra[19]
","140
","117
","5.83
"
"Shiv Sunder Das
","39
","4
","13.00
"
"Deep Dasgupta
","51
","5
","17.00
"
"Ajay Ratra
","90
","12
","12.85
"
"Sanjay Bangar
","180
","15
","13.84
"
"Mohammad Kaif
","2753
","125
","32.01
"
"Sarandeep Singh
","47
","5
","15.66
"
"Murali Kartik
","126
","37
","14.00
"
"Tinu Yohannan
","7
","3
","—
"
"Jai Yadav
","81
","12
","20.25
"
"Lakshmipathy Balaji
","120
","30
","12.00
"
"Parthiv Patel
","736
","38
","23.74
"
"Gautam Gambhir
","5238
","147
","39.68
"
"Aavishkar Salvi
","4
","4
","2.00
"
"Amit Mishra
","43
","36
","5.37
"
"Abhijit Kale
","10
","1
","10.00
"
"Irfan Pathan
","1544
","120
","23.39
"
"Rohan Gavaskar
","151
","11
","18.87
"
"Ramesh Powar
","163
","31
","11.64
"
"Dinesh Karthik
","1738
","91
","31.03
"
"Mahendra Singh Dhoni[19]
","10326
","338
","50.37
"
"Joginder Sharma
","35
","4
","35.00
"
"Suresh Raina
","5615
","226
","35.31
"
"Yalaka Venugopal Rao
","218
","16
","24.22
"
"R. P. Singh
","104
","58
","10.40
"
"S. Sreesanth
","44
","53
","4.00
"
"Munaf Patel
","74
","70
","6.72
"
"V. R. V. Singh
","8
","2
","8.00
"
"Robin Uthappa
","934
","46
","25.94
"
"Wasim Jaffer
","10
","2
","5.00
"
"Piyush Chawla
","38
","25
","5.42
"
"Rohit Sharma
","8010
","206
","47.39
"
"Ishant Sharma
","72
","80
","4.80
"
"Praveen Kumar
","292
","68
","13.90
"
"Manoj Tiwary
","287
","12
","26.09
"
"Yusuf Pathan
","810
","57
","27.00
"
"Manpreet Gony
","—
","2
","—
"
"Pragyan Ojha
","46
","18
","23.00
"
"Virat Kohli
","10843
","227
","59.57
"
"Subramaniam Badrinath
","79
","7
","15.80
"
"Ravindra Jadeja
","2035
","151
","29.92
"
"Abhishek Nayar
","0
","3
","—
"
"Sudeep Tyagi
","1
","4
","—
"
"Abhimanyu Mithun
","51
","5
","17.00
"
"Murali Vijay
","339
","17
","21.18
"
"Ashok Dinda
","21
","13
","4.20
"
"Vinay Kumar
","86
","31
","9.55
"
"Umesh Yadav
","79
","75
","7.90
"
"Ravichandran Ashwin
","675
","111
","16.07
"
"Naman Ojha
","1
","1
","1.00
"
"Pankaj Singh
","3
","1
","—
"
"Shikhar Dhawan
","5355
","128
","44.62
"
"Saurabh Tiwary
","49
","3
","—
"
"Wriddhiman Saha
","41
","9
","13.66
"
"Ajinkya Rahane
","2962
","90
","35.26
"
"Varun Aaron
","8
","9
","8.00
"
"Rahul Sharma
","1
","4
","1.00
"
"Bhuvneshwar Kumar
","523
","105
","15.38
"
"Mohammed Shami
","131
","63
","8.73
"
"Ambati Rayudu
","1694
","55
","47.05
"
"Jaydev Unadkat
","—
","7
","—
"
"Cheteshwar Pujara
","51
","5
","10.20
"
"Mohit Sharma
","31
","26
","7.75
"
"Stuart Binny
","230
","14
","28.75
"
"Parvez Rasool
","—
","1
","—
"
"Axar Patel
","181
","38
","12.92
"
"Dhawal Kulkarni
","27
","12
","—
"
"Karn Sharma
","—
","2
","—
"
"Kedar Jadhav
","1174
","59
","43.48
"
"Manish Pandey
","440
","23
","36.66
"
"Barinder Sran
","—
","6
","—
"
"Rishi Dhawan
","12
","3
","12.00
"
"Gurkeerat Singh
","13
","3
","6.50
"
"Jasprit Bumrah
","18
","49
","3.60
"
"Yuzvendra Chahal
","34
","41
","8.50
"
"Karun Nair
","46
","2
","23.00
"
"KL Rahul
","343
","14
","34.30
"
"Faiz Fazal
","55
","1
","—
"
"Hardik Pandya
","731
","45
","29.24
"
"Jayant Yadav
","1
","1
","—
"
"Kuldeep Yadav
","100
","44
","12.50
"
"Shardul Thakur
","22
","5
","22.00
"
"Shreyas Iyer
","210
","6
","42.00
"
"Washington Sundar
","—
","1
","—
"
"Siddarth Kaul
","1
","3
","0.50
"
"Khaleel Ahmed
","9
","8
","4.50
"
"Deepak Chahar
","12
","1
","12.00
"
"Rishabh Pant
","93
","5
","23.25
"
"Mohammed Siraj
","—
","1
","—
"
"Vijay Shankar
","165
","9
","33.00
"
"Shubman Gill
","16
","2
","8.00
"
"Andre Botha
",666,42,19.58
"Jeremy Bray 
",401,15,28.64
"Peter Gillespie
",2,5,0.50
"Trent Johnston 
",743,67,19.55
"Dominick Joyce
",29,3,9.66
"Dave Langford-Smith
",142,22,15.77
"Kyle McCallan 
",361,39,20.05
"John Mooney
",951,60,24.38
"Paul Mooney
",12,4,12.00
"Kevin O'Brien 
","3,444",139,31.02
"Andrew White
",776,61,18.04
"Eoin Morgan
",744,23,35.42
"Niall O'Brien 
","2,581",103,28.05
"William Porterfield 
","3,962",133,31.19
"Kenny Carroll
",70,6,11.66
"Boyd Rankin
",80,63,6.66
"Thinus Fourie
",42,7,21.00
"Roger Whelan
",5,2,2.50
"Gary Wilson 
","2,072",105,23.81
"Alex Cusack
",745,58,22.57
"Gary Kidd
",15,6,15.00
"Reinhardt Strydom
",83,9,13.83
"Greg Thompson
",2,3,1.00
"Peter Connell
",40,13,20.00
"Phil Eaglestone
",4,1,4.00
"Ryan Haire
",56,2,28.00
"Andrew Poynter
",255,19,19.61
"Paul Stirling
","3,897",111,36.76
"Regan West
",61,10,30.50
"Andrew Britton
",–,1,–
"George Dockrell
",579,87,16.54
"James Hall
",28,3,9.33
"Nigel Jones
",74,14,14.80
"Rory McCann 
",44,8,11.00
"Andrew Balbirnie
","1,698",61,31.44
"Albert van der Merwe
",15,9,3.75
"Ed Joyce
","2,151",61,41.36
"Tim Murtagh
",186,55,7.75
"James Shannon
",2,1,2.00
"Max Sorensen
",125,13,20.83
"Eddie Richardson
",12,2,12.00
"Stuart Thompson
",228,20,16.28
"John Anderson
",151,8,18.87
"Andy McBrine
",255,39,17.00
"Stuart Poynter 
",185,21,13.21
"Craig Young
",20,13,5.00
"Graeme McCarter
",1,1,–
"Peter Chase
",35,25,3.50
"Barry McCarthy
",110,27,7.85
"Sean Terry
",32,5,6.40
"Jacob Mulder
",15,4,–
" Simi Singh
",193,15,14.84
"James McCollum
",17,5,3.40
"James Cameron-Dow
",7,4,–
"Mark Adair
",93,6,18.60
"Joshua Little
",9,4,4.50
"Lorcan Tucker
",7,2,3.50
"Rajab Ali
",7,9,–
"Dipak Chudasama
",434,20,22.84
"Aasif Karim 
",228,34,12.66
"Hitesh Modi
",1109,63,23.59
"Thomas Odoyo 
",2366,131,23.19
"Edward Odumbe
",61,8,10.16
"Maurice Odumbe 
",1409,61,26.09
"Kennedy Otieno 
",2016,90,23.44
"Martin Suji
",247,64,8.23
"David Tikolo
",36,3,–
"Steve Tikolo 
",3369,131,29.55
"Tariq Iqbal 
",17,3,35.42
"Lameck Onyango
",144,29,13.09
"Sandeep Gupta
",121,10,13.44
"Tony Suji
",506,60,12.97
"Mohammad Sheikh
",68,21,6.80
"Alpesh Vadher
",278,18,27.80
"Joseph Angara
",23,17,3.83
"Ravindu Shah
",1506,56,27.88
"Jimmy Kamande 
",1055,86,17.29
"Josephat Ababu
",29,9,9.66
"Peter Ongondo
",391,78,9.09
"Collins Obuya 
",2044,104,19.35
"David Obuya 
",1355,74,20.00
"Brijal Patel
",360,31,16.36
"Alfred Luseno
",34,10,17.00
"Rageb Aga
",150,12,16.66
"Morris Ouma 
",1501,80,20.84
"Malhar Patel
",40,3,13.33
"Tanmay Mishra
",1128,42,34.18
"Nehemiah Odhiambo
",528,69,12.00
"Kalpesh Patel
",1,2,1.00
"Hiren Varaiya
",252,63,12.00
"Alex Obanda
",1306,49,30.37
"Elijah Otieno
",49,26,4.90
"Rakep Patel 
",621,39,20.03
"Rajesh Bhudia
",122,5,24.40
"Seren Waters
",419,20,20.95
"Shem Ngoche
",68,14,7.55
"Nelson Odhiambo
",56,8,9.33
"James Ngoche
",35,17,5.00
"Francis Otieno
",16,4,4.00
"Dominic Wesonga
",61,4,20.33
"Duncan Allan
",71,5,14.20
"Runish Gudhka
",17,2,17.00
"Irfan Karim 
",396,9,44.00
"Lucas Oluoch
",6,2,6.00
"Emmanuel Bundi
",–,1,–
"Dhiren Gondaria
",7,2,3.50
"Gurdeep Singh
",1,1,1.00
"Jan-Berrie Burger
",199,6,33.16
"Louis Burger
",11,6,2.20
"Morné Karg 
",45,3,22.50
"Danie Keulder
",132,6,22.00
"Björn Kotzé
",27,5,9.00
"Deon Kotzé 
",82,6,16.40
"Lennie Louw
",–,1,–
"Bryan Murgatroyd
",90,6,15.00
"Gerrie Snyman
",5,5,1.25
"Stephan Swanepoel
",43,5,8.60
"Riaan Walters
",0,2,0.00
"Melt van Schoor 
",58,5,14.50
"Rudie van Vuuren
",26,5,8.66
"Sarel Burger
",11,2,5.50
"Burton van Rooi
",26,3,26.00
"Stephan Baard
",13,1,13.00
"Karl Birkenstock
",61,1,61.00
"Gerhard Erasmus 
",16,1,16.00
"Jan Frylinck
",16,1,–
"Zane Green 
",38,1,38.00
"JP Kotze
",23,1,23.00
"Bernard Scholtz
",–,1,–
"JJ Smit
",29,1,29.00
"Christi Viljoen
",17,1,–
"Craig Williams
",8,1,8.00
"Pikky Ya France
",–,1,–
" Aarif Sheikh
",94,6,18.80
"Dipendra Singh Airee
",108,6,18.00
"Shakti Gauchan
",9,1,–
"Karan KC
",21,5,5.25
"Paras Khadka 
",235,6,39.16
"Sandeep Lamichhane
",40,6,10.00
"Gyanendra Malla
",143,6,23.83
"Basanta Regmi
",13,4,3.25
"Anil Sah 
",25,2,12.50
" Sompal Kami
",146,6,36.50
"Sharad Vesawkar
",4,1,4.00
"Lalit Bhandari
",4,1,–
"Subash Khakurel 
",69,2,34.50
"Rohit Paudel
",86,4,21.50
" Sagar Pun
",3,1,3.00
"Binod Bhandari 
",35,3,11.66
"Lalit Rajbanshi
",5,3,–
"Pawan Sarraf
",12,2,6.00
"Sundeep Jora
",19,1,19.00
"Flavian Aponso
",120,5,30.00
"Paul-Jan Bakker
",1,5,–
"Peter Cantrell
",160,5,32.00
"Nolan Clarke
",50,5,10.00
"Tim de Leede
",400,29,16.66
"Eric Gouka
",19,3,19.00
"Roland Lefebvre 
",171,11,28.50
"Steven Lubbers 
",24,4,8.00
"Marcelis Schewe 
",49,5,16.33
"Klaas-Jan van Noortwijk
",322,9,46.00
"Bastiaan Zuiderent
","1,097",57,23.84
"Floris Jansen
",–,2,–
"Robert van Oosterom
",7,3,7.00
" Adeel Raja
",28,21,2.80
"Jacob-Jan Esmeijer
",10,6,2.50
"Victor Grandia
",0,1,0.00
"Edgar Schiferli
",161,30,10.06
"Reinout Scholte 
",39,5,7.80
"Daan van Bunge
",633,37,21.10
"Luuk van Troost 
",284,23,15.77
"Feiko Kloppenburg
",165,6,27.50
"Hendrik-Jan Mol
",67,11,8.37
"Jeroen Smits 
",169,38,16.90
"Nick Statham
",7,3,2.33
"Peter Borren 
","1,004",58,22.31
"Alexei Kervezee
",924,39,28.00
" Mohammad Kashif
",1,11,0.33
"Darron Reekers
",481,19,25.31
"Billy Stelling
",180,15,30.00
"Ryan ten Doeschate
","1,541",33,67.00
"Pieter Seelaar
",123,39,9.46
"Eric Szwarczynski
","1,102",41,29.78
"Tom de Grooth
",480,34,17.14
"Mark Jonkman
",59,16,11.80
"Maurits van Nierop
",35,2,35.00
" Mudassar Bukhari
",516,46,17.20
"Atse Buurman 
",140,17,15.55
"Geert-Maarten Mol
",25,6,12.50
"Mangesh Panchal
",–,1,–
"Maurits Jonkman
",20,4,10.00
"Lesley Stokkers
",15,1,–
"Ruud Nijman
",–,1,–
"Tim Gruijters
",68,5,22.66
"Tom Cooper
",976,23,48.80
"Wesley Barresi 
",866,30,34.64
"Bradley Kruger
",32,5,10.66
"Bernard Loots
",16,7,5.33
"Tom Heggelman
",27,5,5.40
"Berend Westdijk
",1,4,0.50
"Neil Kruger
",39,2,19.50
"Michael Swart
",197,12,19.70
"Ahsan Malik
",14,12,–
"Vinoo Tewarie
",4,1,4.00
"Stephan Myburgh
",294,13,24.50
"Wilfred Diepeveen
",6,1,6.00
"Timm van der Gugten
",4,4,2.00
"Paul van Meekeren
",30,4,–
"Michael Rippon
",71,6,23.66
"Ben Cooper
",116,6,29.00
"Vivian Kingma
",–,1,–
"Bas de Leede
",30,2,15.00
"Scott Edwards 
",27,2,13.50
"Fred Klaassen
",24,2,12.00
"Shane Snater
",22,2,6.00
"Daniel ter Braak
",40,2,20.00
Mark Burgess,336,20,16.80
Richard Collinge,34,9,5.66
Peter Coman,62,3,20.66
Bevan Congdon,338,9,56.33
Dayle Hadlee,40,7,8.00
Richard Hadlee,1751,98,21.61
Brian Hastings,151,9,18.87
Hedley Howarth,18,5,6.00
Glenn Turner,1598,40,47.00
Graham Vivian,14,1,14.00
Ken Wadsworth,258,10,28.66
Vic Pollard,67,2,33.50
Rodney Redmond,3,1,3.00
Bruce Taylor,22,1,22.00
Lance Cairns,987,65,16.72
David O'Sullivan,2,2,2.00
John Parker,248,20,12.40
Barry Hadlee,26,2,26.00
Geoff Howarth,1384,65,23.06
John Morrison,252,15,21.00
Brian McKechnie,54,8,13.50
Graham Edwards,138,6,23.00
Robert Anderson,16,2,16.00
Norman Parker,-,1,-
Andrew Roberts,16,1,16.00
Gary Troup,101,12,25.25
Stephen Boock,30,7,10.00
John Wright,3891,148,26.46
Brendon Bracewell,-,1,-
Bruce Edgar,1814,64,30.74
Jeremy Coney,1874,80,30.72
Warren Lees,215,24,11.31
Warren Stott,-,-,-
Ewen Chatfield,118,48,10.72
Paul McEwan,204,15,13.60
John Fulton Reid,633,24,27.52
Martin Snedden,535,54,15.28
Ian Smith,1055,77,17.29
Gary Robertson,49,6,8.16
Martin Crowe,4704,140,38.55
Bruce Blair,174,14,14.50
Jeff Crowe,1518,71,25.72
Peter Webb,38,5,9.50
Richard Webb,6,1,-
Trevor Franklin,27,3,9.00
John Bracewell,512,43,16.51
Derek Stirling,21,5,7.00
Evan Gray,98,7,16.33
Ron Hart,3,1,3.00
Ken Rutherford,3143,115,29.65
Ervin McSweeney,73,14,8.11
Stu Gillespie,70,11,11.66
Tony Blain,442,38,16.37
Willie Watson,86,24,7.81
Phil Horne,50,4,12.50
Dipak Patel,623,63,11.75
Andrew Jones,2784,87,35.69
Danny Morrison,171,43,9.00
Vaughan Brown,44,3,14.66
Mark Greatbatch,2206,83,28.28
Chris Kuggeleijn,142,11,15.77
Richard Reid,248,9,27.55
Robert Vance,248,8,31.00
Gavin Larsen,629,70,14.62
Stu Roberts,1,1,-
Shane Thomson,964,52,22.95
Jonathan Millmow,-,1,-
Mark Priest,103,14,10.30
Chris Pringle,193,41,8.77
David White,37,3,12.33
Grant Bradburn,60,10,8.57
Chris Harris,4379,213,29.00
Richard Petrie,65,8,13.00
Rod Latham,583,33,20.10
Bryan Young,1668,73,24.52
Chris Cairns1,4881,192,29.22
Murphy Su'a,24,7,4.80
Simon Doull,172,27,12.28
Dion Nash,624,53,15.60
Adam Parore,3314,161,25.68
Blair Hartland,311,16,20.73
Justin Vaughan,162,16,18.00
Mark Haslam,9,1,9.00
Michael Owens,-,1,-
Jeff Wilson,103,6,20.60
Richard de Groen,12,8,2.40
Matthew Hart,61,8,7.62
Stephen Fleming1,8007,268,32.41
Mark Douglas,55,6,9.16
Heath Davis,13,6,6.50
Darrin Murray,3,1,3.00
Lee Germon,519,31,19.96
Nathan Astle,7090,217,34.92
Roydon Hayes,13,1,13.00
Roger Twose,2717,81,38.81
Craig Spearman,936,50,18.72
Robert Kennedy,17,4,17.00
Geoff Allott,17,11,3.40
Matthew Horne,980,48,20.41
Daniel Vettori1,2201,183,17.19
Andrew Penn,23,3,11.50
Craig McMillan,4707,183,28.18
Shayne O'Connor,24,13,3.42
Llorne Howell,287,12,23.91
Paul Wiseman,45,7,22.50
Mark Bailey,-,-,-
Matthew Bell,133,7,19.00
Alex Tait,35,5,11.66
Chris Drum,9,2,-
Carl Bulfin,9,2,9.00
Scott Styris,4483,161,32.48
Warren Wisneski,10,2,10.00
Mathew Sinclair,1304,50,28.34
Chris Nevin,732,36,20.33
Glen Sulzberger,9,2,9.00
Daryl Tuffey,295,52,9.51
Brooke Walker,47,7,15.66
James Franklin,1270,80,23.96
Chris Martin,8,7,1.60
Jacob Oram,2434,116,24.09
Lou Vincent,2413,99,27.11
Andre Adams,419,34,17.45
Kyle Mills,1047,101,15.62
Shane Bond,292,40,16.22
Mark Richardson,42,4,10.50
Brendon McCullum,6083,228,30.41
Ian Butler,84,13,10.50
Robbie Hart,0,1,0.00
Paul Hitchcock,41,7,10.25
Craig Cumming,161,13,13.41
Richard Jones,168,5,33.60
Hamish Marshall,1454,62,27.43
Michael Mason,24,7,8.00
Matthew Walker,10,1,10.00
Kerry Walmsley,-,-,-
Tama Canning,52,4,17.33
Michael Papps,207,6,51.75
Gareth Hopkins,236,17,14.75
Peter Fulton,1334,46,32.53
James Marshall,250,10,25.00
Lance Hamilton,3,2,-
Jeetan Patel,95,15,13.57
Jamie How,1046,37,29.05
Ross Taylor,8026,203,48.34
Mark Gillespie,93,14,15.50
Jesse Ryder,1362,42,33.21
Iain O'Brien,3,2,-
Daniel Flynn,228,17,15.20
Tim Southee,669,84,12.62
Grant Elliott,1976,69,34.06
Neil Broom,943,39,26.94
Martin Guptill,6440,166,43.51
Brendon Diamanti,26,1,-
Peter McGlashan,63,2,63.00
Ewen Thompson,-,-,-
Nathan McCullum,1070,62,20.98
Aaron Redmond,152,6,25.33
Peter Ingram,193,7,27.57
Andy McKay,12,10,4.00
Shanan Stewart,26,4,6.50
Kane Williamson,5554,133,45.90
BJ Watling,573,25,24.91
Hamish Bennett,10,7,5.00
Luke Woodcock,14,2,14.00
Doug Bracewell,158,12,15.80
Rob Nicol,586,21,30.84
Graeme Aldridge,-,-,-
Dean Brownlie,361,15,25.78
Andrew Ellis,25,5,8.33
Tom Latham,2395,79,33.73
Tarun Nethula,12,3,6.0
Michael Bates,13,1,13.00
Colin de Grandhomme,443,21,29.53
Trent Boult,144,35,9.60
Adam Milne,168,17,16.80
Mitchell McClenaghan,108,14,27.00
James Neesham,1015,42,30.75
Colin Munro,1146,47,24.91
Hamish Rutherford,15,4,3.75
Luke Ronchi2,1321,66,23.17
Corey Anderson,1109,45,27.72
Anton Devcich,195,11,17.72
Matt Henry,193,16,19.30
Mitchell Santner,826,46,27.53
Ben Wheeler,58,4,-
Andrew Mathieson,0,1,-
Ish Sodhi,62,12,6.20
George Worker,272,10,34.00
Henry Nicholls,1029,39,35.48
Lockie Ferguson,58,13,8.28
Scott Kuggeleijn,11,1,-
Seth Rance,-,-,-
Todd Astle,79,5,26.33
Mark Chapman3,9,3,3.00
Tim Seifert,33,2,16.50
" Aqib Ilyas
",11,1,11.00
" Bilal Khan
",0,1,0.00
" Fayyaz Butt
",1,1,1.00
" Jatinder Singh
",0,1,0.00
" Kaleemullah
",0,1,0.00
" Khawar Ali
",3,1,3.00
" Khurram Nawaz
",17,1,–
" Mohammad Nadeem
",5,1,5.00
" Sandeep Goud
",0,1,0.00
" Suraj Kumar 
",27,1,27.00
" Zeeshan Maqsood 
",12,1,12.00
Asif Iqbal,330,8,55.00
Asif Masood,10,3,5.00
Intikhab Alam,17,2,8.50
Majid Khan,786,22,37.42
Mushtaq Mohammad,209,9,34.83
Nasim-ul-Ghani,1,1,1.00
Sadiq Mohammad,383,19,21.27
Saleem Altaf,25,2,25.00
Sarfraz Nawaz,221,31,9.60
Wasim Bari,221,26,17.00
Wasim Raja,782,45,22.34
Imran Khan,3709,151,33.41
Zaheer Abbas,2572,60,47.62
Naseer Malik,-,1,-
Javed Miandad,7381,218,41.70
Pervez Mir,26,3,13.00
Mohsin Khan,1877,75,26.81
Aamer Hameed,-,-,-
Hasan Jamil,111,5,22.20
Liaqat Ali,7,1,7.00
Mudassar Nazar,2653,115,25.26
Shafiq Ahmed,41,3,13.66
Haroon Rasheed,166,10,20.75
Iqbal Qasim,39,7,6.50
Sikander Bakht,31,11,7.75
Arshad Pervez,11,2,5.50
Naeem Ahmed,0,1,-
Azmat Rana,42,2,42.00
Mansoor Akhtar,593,35,17.44
Mohammad Nazir,4,3,-
Taslim Arif,28,2,14.00
Ashraf Ali,69,9,17.25
Ijaz Faqih,197,19,12.31
Rashid Khan,110,15,13.75
Saleem Pervez,18,1,18.00
Tahir Naqqash,210,23,15.00
Rizwan-uz-Zaman,20,3,6.66
Saleem Malik,7170,256,32.88
Jalal-ud-din,5,2,2.50
Saleem Yousuf,768,62,17.86
Tauseef Ahmed,116,25,10.54
Shahid Mahboob,119,6,23.80
Abdul Qadir,641,68,15.26
Azeem Hafeez,45,10,15.00
Qasim Umar,642,31,22.92
Saadat Ali,184,7,30.66
Anil Dalpat,87,10,12.42
Naved Anjum,113,12,12.55
Manzoor Elahi,741,46,22.45
Sajid Ali,130,12,10.83
Zakir Khan,27,5,27.00
Shoaib Mohammad,1269,58,24.40
Wasim Akram,3717,280,16.52
Mohsin Kamal,27,6,9.00
Masood Iqbal,2,1,2.00
Rameez Raja,5841,197,32.09
Zulqarnain Zaidi,18,6,6.00
Saleem Jaffar,36,13,18.00
Asif Mujtaba,1068,55,26.04
Ijaz Ahmed,6564,232,32.33
Younis Ahmed,84,2,42.00
Zahid Ahmed,3,2,3.00
Shakeel Khan,-,1,-
Haafiz Shahid,11,3,11.00
Aamer Malik,556,23,25.27
Moin-ul-Atiq,199,5,39.80
Aaqib Javed,267,51,10.68
Saeed Anwar,8823,244,39.21
Mushtaq Ahmed,399,76,9.50
Shahid Saeed,141,10,14.10
Waqar Younis,969,139,10.30
Sohail Fazal,56,2,28.00
Akram Raza,193,25,17.54
Maqsood Rana,5,1,5.00
Nadeem Ghauri,14,3,14.00
Sajjad Akbar,5,1,5.00
Mansoor Rana,15,2,7.50
Zahid Fazal,348,18,23.20
Moin Khan,3266,183,23.00
Aamer Sohail,4780,155,31.86
Inzamam-ul-Haq1,11701,348,39.53
Iqbal Sikander,1,1,-
Wasim Haider,26,2,13.00
Tanvir Mehdi,-,1,-
Rashid Latif,1709,117,19.42
Ata-ur-Rehman,34,13,4.85
Arshad Khan,133,29,12.09
Ghulam Ali,53,3,17.66
Basit Ali,1265,43,34.18
Aamer Nazir,13,3,13.00
Nadeem Khan,2,1,2.00
Aamer Hanif,89,4,44.50
Irfan Bhatti,-,0,-
Ashfaq Ahmed,-,0,-
Kabir Khan,10,5,10.00
"Shakeel Ahmed, Jr.",61,2,30.50
Naeem Ashraf,24,2,24.00
Zafar Iqbal,48,6,8.00
Javed Qadeer,12,1,12.00
Mahmood Hamid,1,1,1.00
Mohammad Akram,14,9,7.00
Saleem Elahi,1579,47,36.72
Saqlain Mushtaq,711,98,11.85
Saeed Azad,65,4,16.25
Shadab Kabir,0,3,0.00
Shahid Anwar,37,1,37.00
Shahid Nazir,25,8,25.00
Azhar Mahmood,1521,110,18.10
Shahid Afridi1,8064,369,23.57
Hasan Raza,242,13,18.61
Abdul Razzaq1,5080,228,29.70
Azam Khan,116,5,23.20
Zahoor Elahi,297,14,22.84
Mohammad Wasim,543,25,23.60
Mohammad Zahid,15,4,7.50
Mujahid Jamshed,27,3,13.50
Ijaz Ahmed jnr,3,1,-
Mohammad Hussain,154,12,30.80
Akhtar Sarfraz,66,4,16.50
Manzoor Akhtar,97,4,24.25
Fazl-e-Akbar,7,1,7.00
"Mohammad Yousuf1, 2",9720,273,41.71
Shoaib Akhtar1,394,84,8.95
Asif Mahmood,14,2,7.00
Wajahatullah Wasti,349,15,23.26
Imran Nazir,1895,79,24.61
Shabbir Ahmed,10,11,1.66
Shoaib Malik,7526,255,35.00
Imran Abbas,29,2,14.50
Yasir Arafat,74,8,14.80
Younus Khan,7240,254,31.34
Faisal Iqbal,314,16,22.42
Irfan Fazil,15,1,15.00
Atiq-uz-Zaman,34,3,17.00
Imran Farhat,1719,58,30.69
Humayun Farhat,60,3,20.00
Mohammad Sami,314,46,11.62
Kashif Raza,2,1,-
Taufeeq Umar,504,22,24.00
Danish Kaneria,12,10,6.00
Naved Latif,262,11,23.81
Misbah-ul-Haq,5122,149,43.40
Kamran Akmal,3236,138,26.09
Mohammad Hafeez,6361,208,32.95
Umar Gul,457,65,9.72
Rana Naved-ul-Hasan,524,51,15.87
Yasir Hameed,2028,56,36.87
Faisal Athar,9,1,9.00
Junaid Zia,2,2,2.00
Salman Butt,2185,60,38.33
Bazid Khan,131,5,26.20
Iftikhar Anjum,234,34,15.60
Mohammad Khalil,0,1,-
Mohammad Asif1,34,11,5.50
Abdur Rehman,142,23,8.35
Fawad Alam,966,36,40.25
Najaf Shah,0,1,0.00
Sohail Tanvir,399,40,13.75
Sarfaraz Ahmed,2128,80,34.88
Nasir Jamshed,1418,48,31.51
Samiullah Khan,-,0,-
Kamran Hussain,28,1,-
Khalid Latif,147,5,29.40
Sohail Khan,25,6,5.00
Abdur Rauf,-,0,-
Khurram Manzoor,236,7,33.71
Rizwan Ahmed,-,0,-
Wahab Riaz,589,56,13.69
Naumanullah,5,1,5.00
Mansoor Amjad,5,1,5.00
Saeed Ajmal,324,70,7.04
Ahmed Shehzad,2605,81,32.56
Mohammad Amir,352,27,19.55
Umar Akmal,3194,110,34.34
Shahzaib Hasan,100,3,33.33
Umar Amin,271,16,18.06
Asad Shafiq,1336,58,24.74
Mohammad Irfan,48,33,4.00
Zulqarnain Haider,48,4,24.00
Hammad Azam,80,7,16.00
Junaid Khan,68,31,4.85
Mohammad Salman,22,3,11.00
Tanvir Ahmed,18,1,18.00
Usman Salahuddin,13,2,6.50
Azhar Ali,1845,53,36.90
Adnan Akmal,62,4,20.66
Aizaz Cheema,26,6,8.66
Yasir Shah,127,13,18.14
Rahat Ali,8,7,2.66
Ehsan Adil,27,4,9.00
Asad Ali,13,2,6.50
Haris Sohail,1320,33,47.14
Sohaib Maqsood,725,24,39.25
Anwar Ali,321,16,29.18
Bilawal Bhatti,89,7,14.83
Sharjeel Khan,812,25,32.48
Mohammad Talha,0,1,0.00
Zulfiqar Babar,35,5,17.50
Raza Hasan,0,1,0.00
Mohammad Rizwan,705,28,33.57
Saad Nasim,99,3,49.50
Sami Aslam,78,4,19.50
Babar Azam,2739,62,51.67
Imad Wasim,778,33,40.94
Aamer Yamin,95,3,95.00
Bilal Asif,40,3,13.33
Iftikhar Ahmed,8,2,4.00
Zafar Gohar,15,1,15.00
Hasan Ali,237,26,13.16
Mohammad Nawaz,199,12,22.11
Shadab Khan,294,16,29.40
Fakhar Zaman,1642,36,51.31
Faheem Ashraf,162,15,12.46
Rumman Raees,27,4,9.00
Imam-ul-Haq,1387,28,60.30
Usman Shinwari,6,4,2.00
Asif Ali,342,12,31.09
Shaheen Afridi,41,6,20.50
Hussain Talat,2,1,2.00
Mohammad Abbas,-,-,-
Shan Masood,111,5,22.20
Mohammad Hasnain,28,2,14.00
Abid Ali,117,3,39.00
Saad Ali,11,2,5.50
"Charles Amini
",126,7,21.00
"Chris Amini 
",3,2,–
"Mahuru Dai
",454,18,28.37
"Willie Gavera
",4,4,–
"Geraint Jones
",47,2,23.50
"Vani Morea
",313,13,26.08
"Pipi Raho
",–,1,–
"Lega Siaka
",352,17,20.70
"Tony Ura
",523,18,29.05
"Assad Vala 
",383,19,20.15
"Jack Vare 
",81,9,10.12
"Norman Vanua
",178,15,19.77
"Dogodo Bau 
",170,10,18.88
"Sese Bau
",342,17,21.37
"Hiri Hiri
",26,3,13.00
"Chad Soper
",172,13,15.63
"John Reva
",62,9,10.33
"Alei Nao
",85,12,42.50
"Nosaina Pokana
",9,6,2.25
"Kiplin Doriga 
",139,6,34.75
"Damien Ravu
",6,5,2.00
"Jason Kila
",34,2,17.00
"Simon Atai
",–,1,–
"Michael Allingham
",11,3,3.66
" Asim Butt
",23,5,5.75
"John Blain
",284,33,14.94
"James Brinkley
",52,5,10.40
"Alec Davies 
",83,5,20.75
"Nick Dyer
",3,5,3.00
"Gavin Hamilton 
","1,231",38,35.17
"Bruce Patterson
",10,3,3.33
"Ian Philip
",20,3,6.66
"George Salmond 
",57,5,11.40
"Mike Smith
",19,5,3.80
"Ian Stanger
",50,5,10.00
"Greig Williamson
",11,2,5.50
"Paul Hoffmann
",85,18,7.72
"Dougie Lockhart 
",218,14,24.22
"Ross Lyons
",90,25,22.50
"Neil McCallum
","1,002",43,27.83
"Neil MacRae
",10,2,5.00
"Dewald Nel
",31,19,15.50
"Colin Smith 
",432,27,19.63
"Ryan Watson 
",956,35,30.83
"Dougie Brown
",220,16,15.71
"Omer Hussain
",63,8,9.00
"Navdeep Poonia
",237,21,11.28
"Craig Wright 
",240,20,16.00
"Fraser Watts
",974,36,28.64
"Glenn Rogers
",81,13,16.20
"Majid Haq
",566,54,16.64
"Gordon Drummond 
",240,30,18.46
"Richie Berrington
","1,630",71,27.16
"Gordon Goudie
",80,16,10.00
"Qasim Sheikh
",63,7,10.50
"Kyle Coetzer 
","2,082",52,43.37
"Calum MacLeod
",1954,59,38.31
"Moneeb Iqbal
",192,13,24.00
"Jan Stander
",44,5,11.00
"Stuart Chalmers
",9,2,–
"Alasdair Evans
",95,33,11.87
"Marc Petrie 
",3,4,1.50
"Josh Davey
",471,29,22.42
"Gregor Maiden 
",84,7,21.00
"Preston Mommsen 
","1,115",44,30.97
"Matthew Parker
",59,10,9.83
"Ollie Hairs
",68,5,13.60
"Ryan Flannigan
",0,1,0.00
"Safyaan Sharif
",224,38,14.00
"Craig Wallace 
",366,24,18.30
"Matt Machan
",734,23,33.36
"David Murphy 
",58,8,11.60
"Iain Wardlaw
",21,22,3.50
"Robert Taylor
",154,15,14.00
"Neil Carter
",0,3,0.00
"Freddie Coleman
",211,16,15.07
"Hamish Gardiner
",262,11,23.81
"Matthew Cross 
",952,45,23.80
"Michael Leask
",443,31,23.31
"Bradley Wheal
",16,13,4.00
"Con de Lange
",123,13,20.50
"Ruaidhri Smith
",10,2,10.00
"Chris Sole
",16,11,3.20
"Mark Watt
",138,20,17.25
"George Munsey
",470,18,31.33
"Stuart Whittingham
",6,4,6.00
"Michael Jones
",194,5,38.80
"Tom Sole
",37,7,9.25
"Scott Cameron
",9,2,9.00
"Dylan Budge
",11,1,11.00
Jimmy Cook,67,4,16.75
Allan Donald,95,40,4.31
Andrew Hudson,2559,88,29.41
Peter Kirsten,1293,40,38.02
Adrian Kuiper,539,23,33.68
Brian McMillan,841,52,23.36
Clive Rice,26,2,13.00
Dave Richardson,868,77,19.72
Tim Shaw,26,6,13.00
Richard Snell,322,28,16.10
Kepler Wessels1,1627,54,32.54
Clive Eksteen,6,2,-
Craig Matthews,141,22,10.84
Mandy Yachad,31,1,31.00
Hansie Cronje,5565,175,38.64
Meyrick Pringle,48,8,9.60
Jonty Rhodes,5935,220,35.11
Tertius Bosch,-,-,-
Omar Henry,20,3,10.00
Mark Rushmere,78,4,19.50
Corrie van Zyl,3,2,3.00
Dave Callaghan,493,25,25.94
Fanie de Villiers,170,36,8.09
Brett Schultz,-,-,-
Daryll Cullinan,3860,133,32.99
Errol Stewart,61,6,15.25
Pat Symcox,694,54,16.92
Gary Kirsten,6798,185,40.95
Dave Rundle,6,2,3.00
Eric Simons,217,18,15.50
Derek Crookes,296,23,14.80
Michael Rindel,575,22,27.38
Steven Jack,7,2,3.50
Nicky Boje2,1410,69,27.64
Gerhardus Liebenberg,94,4,23.50
Rudi Steyn,4,1,4.00
Paul Adams,66,9,16.50
Jacques Kallis4,11550,309,45.11
Shaun Pollock4,3193,196,25.34
Lance Klusener,3576,137,41.10
Steve Palframan,55,4,13.75
Herschelle Gibbs,8094,240,36.13
Rudi Bryson,32,4,32.00
Adam Bacher,270,13,20.76
Louis Koen,82,5,16.40
Mark Boucher2,3549,167,27.94
Makhaya Ntini3,199,46,8.65
Steve Elworthy,100,16,12.50
Roger Telemachus,73,15,6.08
Nantie Hayward,12,5,3.00
Dale Benkenstein,305,20,17.94
Alan Dawson,69,7,23.00
Henry Williams,8,2,8.00
Andrew Hall,905,56,21.04
Victor Mpitsang,1,1,-
Boeta Dippenaar2,3330,89,44.00
Pieter Strydom,48,8,9.60
David Terbrugge,5,2,5.00
Neil McKenzie,1688,55,37.51
Charl Willoughby,-,2,-
Nic Pothas,24,1,24.00
Shafiek Abrahams,16,1,-
Justin Kemp2,1371,60,32.64
Justin Ontong2,184,15,14.15
André Nel,127,22,12.70
Claude Henderson,-,-,-
Charl Langeveldt,73,21,6.63
Graeme Smith2,6989,193,38.19
Jon Kent,-,-,-
Robin Peterson,556,41,20.59
Martin van Jaarsveld,124,7,20.66
Ashwell Prince2,940,38,34.81
Monde Zondeki2,4,2,-
Jacques Rudolph2,1157,37,37.32
Morné van Wyk,425,17,26.56
Albie Morkel2,760,41,24.51
JP Duminy,5047,175,37.38
AB de Villiers2,9427,213,54.17
Andrew Puttick,0,1,0.00
Johan Botha2,98,6,32.66
Garnett Kruger,-,2,-
Dale Steyn2,361,49,9.75
Johan van der Wath,85,7,17.00
Loots Bosman2,299,11,27.18
Alviro Petersen,504,19,28.00
Vernon Philander,151,19,12.58
Thandi Tshabalala,2,1,-
Gulam Bodi,83,2,41.50
Morné Morkel2,239,45,8.53
Hashim Amla,7910,171,49.74
Paul Harris,-,0,-
Johann Louw,23,1,23.00
Vaughn van Jaarsveld,9,2,4.50
Wayne Parnell,508,38,21.16
Lonwabo Tsotsobe,56,21,6.87
Roelof van der Merwe,39,7,9.75
Ryan McLaren,485,41,18.65
David Miller,2922,106,38.96
Colin Ingram,843,29,32.42
Rusty Theron,5,1,5.00
Faf du Plessis,5120,128,46.54
Imran Tahir,146,32,8.11
Marchant de Lange,-,0,-
Dean Elgar,104,7,17.33
Quinton de Kock,4602,106,45.56
Rory Kleinveldt,105,7,15.00
Farhaan Behardien,1074,49,30.68
Aaron Phangiso,81,13,7.36
Kyle Abbott,76,13,8.44
Chris Morris,393,23,19.65
Henry Davids,8,2,4.00
Rilee Rossouw,1239,35,38.71
Mthokozisi Shezi,-,0,-
Kagiso Rabada,201,24,14.35
David Wiese,102,6,20.40
Tabraiz Shamsi,0,3,0.00
Temba Bavuma,161,2,80.50
Andile Phehlukwayo,416,25,32.00
Dwaine Pretorius,132,8,18.85
Keshav Maharaj,25,2,12.50
Dane Paterson,-,0,-
Aiden Markram,503,18,29.58
Willem Mulder,74,8,14.80
Khaya Zondo,142,5,35.50
Heinrich Klaasen,251,13,22.81
Lungi Ngidi,40,7,20.00
Reeza Hendricks,455,18,26.76
Junior Dala,8,2,8.00
Christiaan Jonker,31,2,15.50
Duanne Olivier,-,-,-
Rassie van der Dussen,353,8,88.25
Beuran Hendricks,2,1,-
Anrich Nortje,8,1,8.00
Somachandra de Silva,371,29,19.52
Ranjit Fernando,47,3,15.66
David Heyn,3,2,1.50
Lalith Kaluperuma,33,3,–
Duleep Mendis,1527,74,23.49
Tony Opatha,29,3,9.66
Mevan Pieris,19,3,9.50
Anura Ranasinghe,153,8,21.85
Anura Tennekoon,137,4,34.25
Michael Tissera,78,3,26.00
Bandula Warnapura,180,12,15.00
Sunil Wettimuny,136,3,68.00
Ajit de Silva,9,4,4.50
Stanley de Silva,10,1,10.00
Roy Dias,1573,55,31.46
Sunil Jayasinghe,1,1,1.00
Sudath Pasqual,24,2,24.00
Ranjan Gunatilleke,–,–,–
Ranjan Madugalle,950,56,18.62
Ashantha de Mel,466,41,14.56
Rohan Jayasekera,17,1,17.00
Sidath Wettimuny,786,33,24.56
Mahes Goonatilleke,31,4,31.00
Arjuna Ranatunga,7456,255,35.84
Ravi Ratnayeke,824,69,14.98
Roger Wijesuriya,18,3,18.00
Vinothen John,84,19,9.33
Rumesh Ratnayake,612,55,16.54
Guy de Alwis,401,27,21.10
Susil Fernando,101,5,20.20
Yohan Goonasekera,69,3,23.00
Mithra Wettimuny,2,1,2.00
Sridharan Jeganathan,25,4,8.33
Granville de Silva,9,2,9.00
Brendon Kuruppu,1022,52,20.03
Athula Samarasekera,844,39,22.81
Aravinda de Silva,9284,296,34.90
Uvais Karnain,229,17,19.08
Amal Silva,441,20,22.05
Marlon Vonhagt,8,1,8.00
Saliya Ahangama,–,–,–
Asanka Gurusinha,3902,143,28.27
Don Anurasiri,62,18,10.33
Ashley de Silva,12,2,6.00
Roshan Mahanama,5162,198,29.49
Gamini Perera,–,–,–
Keerthi Ranasinghe,55,3,18.33
Kaushik Amalean,15,3,7.50
Champaka Ramanayake,210,35,10.00
Graeme Labrooy,249,36,8.58
Hashan Tillakaratne,3789,168,29.60
Asoka de Silva,138,20,9.85
Sanath Kaluperuma,11,2,5.50
Ranjith Madurasinghe,21,6,10.50
Kapila Wijegunawardene,20,12,2.85
Nilantha Ratnayake,–,–,–
Lalithamana Fernando,8,1,8.00
Sanath Jayasuriya1,13364,429,32.51
Marvan Atapattu,8529,259,37.57
Dammika Ranatunga,49,4,12.25
Romesh Kaluwitharana,3711,181,22.22
Jayananda Warnaweera,1,3,–
Charith Senanayake,126,7,18.00
Pramodya Wickramasinghe,344,64,8.60
Chandika Hathurusingha,669,33,20.90
Ruwan Kalpage,844,69,20.58
Dulip Liyanage,144,11,16.00
Gamini Wickremasinghe,2,1,2.00
Nishantha Ranatunga,0,1,0.00
Muttiah Muralitharan2,674,161,6.87
Pubudu Dassanayake,85,10,10.62
Hemantha Wickramaratne,4,2,2.00
Dulip Samaraweera,91,4,22.75
Nisal Fernando,22,2,–
Chaminda Vaas1,2018,219,13.72
Aruna Gunawardene,2,1,2.00
Ravindra Pushpakumara,36,9,9.00
Upul Chandana,1627,111,17.30
Manjula Munasinghe,13,4,4.33
Ajith Weerakkody,2,1,2.00
Sanjeeva Ranatunga,253,11,23.00
Kumar Dharmasena,1222,87,22.62
Jayantha Silva,1,1,–
Janak Gamage,8,2,–
Chaminda Mendis,3,1,–
Chamara Dunusinghe,1,1,1.00
Eric Upashantha,49,8,7.00
Sajeewa de Silva,39,19,6.50
Nuwan Zoysa,343,47,13.19
Lanka de Silva,161,6,53.66
Russel Arnold,3950,155,35.26
Mahela Jayawardene1,12381,413,33.01
Avishka Gunawardene,1708,61,28.46
Naveed Nawaz,31,3,15.50
Suresh Perera,195,13,17.72
Niroshan Bandaratilleke,0,1,0.00
Thilan Samaraweera,862,42,27.80
Ruchira Perera,8,7,1.60
Hemantha Boteju,3,2,3.00
Indika de Saram,183,13,16.63
Chamara Silva,1587,62,28.85
Tillakaratne Dilshan,10290,303,39.27
Indika Gallage,17,2,17.00
Kaushalya Weeraratne,160,9,20.00
Kumar Sangakkara2,13975,373,41.96
Dilhara Fernando1,239,61,9.19
Akalanka Ganegama,7,2,3.50
Charitha Buddhika,29,10,7.25
Prabath Nissanka,53,13,6.62
Hasantha Fernando,43,5,21.50
Chamila Gamage,7,2,7.00
Pulasthi Gunaratne,36,8,7.20
Jehan Mubarak,704,37,22.70
Prasanna Jayawardene,27,5,5.40
Kaushal Lokuarachchi,210,18,14.00
Dharshana Gamage,3,2,3.00
Dinusha Fernando,–,–,–
Nuwan Kulasekara,1327,123,15.43
Saman Jayantha,400,17,26.66
Rangana Herath,140,30,9.33
Farveez Maharoof,1113,75,19.52
Thilina Kandamby,870,36,29.00
Lasith Malinga,550,113,7.05
Dilhara Lokuhettige,77,8,9.62
Upul Tharanga1,6941,222,33.85
Pradeep Jayaprakashdaran,–,–,–
Malinga Bandara,160,17,12.30
Michael Vandort,48,1,48.00
Chamara Kapugedera,1624,84,21.09
Dhammika Prasad,129,12,21.50
Ishara Amerasinghe,6,4,–
Malinda Warnapura,35,3,11.66
Dilruwan Perera,152,12,12.66
Ajantha Mendis,188,42,8.17
Mahela Udawatte,257,9,28.55
Thilan Thushara,392,27,18.66
Angelo Mathews,5381,174,42.03
Chanaka Welegedara,4,3,4.00
Suraj Randiv,280,18,17.50
Suranga Lakmal,217,45,8.68
Thisara Perera,2147,121,20.44
Muthumudalige Pushpakumara,7,1,–
Lahiru Thirimanne,2990,98,35.17
Dinesh Chandimal,3599,132,32.42
Jeevan Mendis,617,41,19.90
Dimuth Karunaratne,267,14,20.53
Shaminda Eranga,34,11,11.33
Seekkuge Prasanna,421,37,12.38
Kosala Kulasekara,38,3,12.66
Sachithra Senanayake,290,33,13.18
Sajeewa Weerakoon,–,–,–
Isuru Udana,125,4,41.66
Nuwan Pradeep,27,15,5.40
Akila Dananjaya,283,26,13.47
Kusal Perera,2283,83,29.26
Angelo Perera,39,3,13.00
Ashan Priyanjan,420,20,23.33
Kithuruwan Vithanage,75,6,15.00
Chathuranga de Silva,94,7,15.66
Lahiru Gamage,4,5,2.00
Niroshan Dickwella,1571,49,32.72
Dushmantha Chameera,93,14,13.28
Tharindu Kaushal,0,1,0.00
Milinda Siriwardana,513,23,23.31
Sachith Pathirana,332,14,25.53
Danushka Gunathilaka,1102,35,32.41
Shehan Jayasuriya,83,7,13.83
Jeffrey Vandersay,71,7,11.83
Dhananjaya de Silva,688,31,25.48
Kusal Mendis,1692,61,28.67
Dasun Shanaka,327,16,21.80
Chaminda Bandara,1,1,–
Amila Aponso,10,7,3.33
Lakshan Sandakan,31,11,4.42
Avishka Fernando,145,6,24.16
Asela Gunaratne,575,25,27.38
Sandun Weerakkody,73,3,24.33
Lahiru Kumara,16,5,8.00
Lahiru Madushanka,14,4,4.66
Wanidu Hasaranga,63,7,10.50
Asitha Fernando,–,–,–
Vishwa Fernando,30,8,15.00
Dilshan Munaweera,15,2,7.50
Malinda Pushpakumara,11,2,5.50
Sadeera Samarawickrama,132,6,22.00
Shehan Madushanka,7,1,7.00
Prabath Jayasuriya,11,2,11.00
Kasun Rajitha,0,2,0.00
Oshada Fernando,127,5,25.40
Kamindu Mendis,17,2,17.00
Priyamal Perera,33,2,16.50
" Arshad Laeeq
",101,6,20.20
" Azhar Saeed
",61,7,8.71
" Imtiaz Abbasi 
",12,7,6.00
" Mazhar Hussain
",179,7,25.57
"Vijay Mehra
",92,6,18.40
" Mohammad Ishaq
",98,5,24.50
"Riaz Poonawala
",44,2,22.00
" Saleem Raza
",159,6,26.50
"Johanne Samarasekera
",124,7,31.00
" Sohail Butt
",8,2,8.00
" Sultan Zarawani 
",26,7,4.33
"Shaukat Dukanwala
",84,5,42.00
" Mohammad Aslam
",38,4,9.50
"Ganesh Mylvaganam
",36,3,12.00
" Shehzad Altaf
",–,2,–
" Saeed-Al-Saffar
",–,1,–
" Abdul Rehman 
",1,1,1.00
" Ali Asad
",21,2,21.00
" Arshad Ali
",54,4,13.50
" Asghar Ali 
",14,2,7.00
" Asim Saeed
",12,2,6.00
" Fahad Usman
",9,2,4.50
" Khurram Khan 
",582,16,41.57
" Mohammad Tauqir 
",95,11,13.57
" Naeemuddin Aslam
",12,2,6.00
" Rizwan Latif
",0,1,0.00
" Syed Maqsood
",18,2,9.00
" Ramveer Rai
",39,1,39.00
" Sameer Zia
",2,1,–
" Amjad Ali 
",520,17,30.58
" Amjad Javed
",239,15,19.91
"Indika Batuwitarachchi
",14,2,7.00
" Fahad Alhashmi
",0,5,0.00
" Saqib Ali 
",84,5,21.00
"Vikrant Shetty
",16,2,8.00
"Shadeep Silva
",7,1,7.00
" Zahid Shah
",11,2,–
" Alawi Shukri
",1,1,1.00
" Aman Ali
",0,1,0.00
"Nizel Fernandes
",5,1,5.00
" Ahmed Raza 
",232,25,12.88
"Manjula Guruge
",16,7,–
" Kamran Shazad
",22,4,11.00
"Swapnil Patil 
",263,13,26.30
" Rohan Mustafa 
",662,31,21.35
" Salman Faris
",43,3,14.33
" Shaiman Anwar
","1,219",40,31.25
" Fayyaz Ahmed
",47,3,47.00
" Irfan Sajid
",2,1,2.00
" Krishna Chandran
",134,12,16.75
" Mohammad Naveed 
",397,39,16.54
" Mohammad Shahzad
",190,6,31.66
"Andri Berenger
",205,10,20.50
" Salman Farooq
",–,1,–
" Nasir Aziz
",82,5,27.33
" Saqlain Haider 
",58,5,14.50
" Abdul Shakoor 
",54,3,18.00
" Asif Iqbal
",8,1,8.00
" Yodhin Punja
",1,1,1.00
" Laxman Sreekumar
",61,4,15.25
" Umair Ali
",20,2,10.00
" Zaheer Maqsood
",13,2,–
" Qadeer Ahmed
",9,11,4.50
" Usman Mushtaq
",3,1,3.00
" Muhammad Usman
",618,27,24.72
" Rameez Shahzad
",691,15,53.15
" Adnan Mufti
",330,18,27.50
" Ghulam Shabber 
",500,23,21.73
" Imran Haider
",58,20,8.28
" Mohammed Qasim
",94,5,18.80
" Zahoor Khan
",48,15,6.85
" Ashfaq Ahmed
",344,16,21.50
" Mohammad Boota 
",191,9,23.87
" Amir Hayat
",31,9,10.33
" Chirag Suri
",196,11,17.81
" Fahad Nawaz
",2,2,1.00
"Chundangapoyil Rizwan
",153,5,30.60
" Sultan Ahmed
",18,2,9.00
"Aijaz Ali
",5,2,2.50
"Rohan Alexander
",34,2,17.00
"Jignesh Desai
",16,1,16.00
"Howard Johnson
",9,2,9.00
"Mark Johnson 
",20,2,10.00
"Clayton Lambert[A 3]
",39,1,39.00
"Steve Massiah
",23,2,11.50
"Rashid Zia
",9,2,4.50
"Tony Reid
",8,2,4.00
"Leon Romero
",1,2,0.50
"Richard Staple 
",4,2,2.00
"Donovan Blake
",0,1,0.00
"Nasir Javed
",2,1,–
"Aaron Jones
",2,1,2.00
"Ali Khan
",3,1,3.00
"Karima Gore
",6,1,6.00
" Jasdeep Singh
",0,1,0.00
"Jaskaran Malhotra 
",0,1,0.00
"Xavier Marshall[A 4]
",11,1,11.00
"Saurabh Netravalkar
",11,1,11.00
"Monank Patel
",39,1,39.00
"Timil Patel
",50,1,–
"Steven Taylor
",0,1,0.00
"Hayden Walsh Jr.
",27,1,27.00
Keith Boyce,57,4,14.25
Maurice Foster,25,1,25.00
Roy Fredericks,311,12,25.91
Lance Gibbs,0,1,-
Vanburn Holder,64,6,12.80
Bernard Julien,86,8,14.33
Alvin Kallicharran,826,28,34.41
Rohan Kanhai,164,5,54.66
Clive Lloyd,1977,69,39.54
Deryck Murray,294,17,24.50
Garfield Sobers,0,1,0.00
Ron Headley,19,1,19.00
David Murray,45,7,9.00
Viv Richards,6721,167,47.00
Andy Roberts,231,32,10.04
Gordon Greenidge,5134,127,45.03
Lawrence Rowe,136,8,17.00
Michael Holding,282,42,9.09
Collis King,280,14,23.33
Colin Croft,18,6,9.00
Joel Garner,239,41,9.19
Richard Austin,8,1,8.00
Faoud Bacchus,612,26,26.60
Wayne Daniel,49,5,49.00
Desmond Haynes,8648,237,41.37
Irvine Shillingford,30,2,15.00
Sylvester Clarke,60,8,10.00
Larry Gomes,1415,64,28.87
Alvin Greenidge,23,1,23.00
Derick Parry,61,5,15.25
Norbert Phillip,0,1,0.00
Sew Shivnarine,20,1,-
Malcolm Marshall,955,83,14.92
Milton Pydanna,2,1,0
Everton Mattis,86,2,43.00
Jeff Dujon,1945,120,23.15
Gus Logie,2809,133,28.95
Winston Davis,28,5,14.00
Eldine Baptiste,184,16,15.33
Roger Harper,855,73,16.13
Richie Richardson,6248,217,33.41
Richard Gabriel,167,11,15.18
Milton Small,-,0,-
Thelston Payne,126,4,31.50
Courtney Walsh,321,79,6.97
Tony Gray,51,11,8.50
Patrick Patterson,44,20,8.80
Carlisle Best,473,23,24.89
Winston Benjamin,298,52,7.45
Carl Hooper,5761,206,35.34
Phil Simmons,3675,138,28.93
David Williams,147,23,9.18
Curtly Ambrose,639,96,10.65
Ian Bishop,405,44,16.20
Keith Arthurton,1904,93,26.08
Robert Haynes,26,6,5.20
Ezra Moseley,7,6,1.75
Clayton Lambert1,368,11,33.45
Brian Lara2,10348,285,40.90
Anderson Cummins,459,41,15.30
Philo Wallace,701,33,21.24
Kenneth Benjamin,65,13,10.83
Junior Murray,678,36,22.60
Jimmy Adams,2204,105,28.62
Roland Holder,599,31,23.96
Shivnarine Chanderpaul,8778,251,41.60
Cameron Cuffy,62,22,4.42
Stuart Williams,1586,55,32.36
Barrington Browne,8,3,8.00
Sherwin Campbell,2283,87,26.24
Rajindra Dhanraj,8,2,8.00
Vasbert Drakes,94,17,7.83
Ottis Gibson,141,11,14.10
Hamish Anthony,23,3,7.66
Courtney Browne,415,32,17.29
Ridley Jacobs,1865,112,23.31
Laurie Williams,124,13,11.27
Nixon McLean,314,34,12.07
Robert Samuels,54,5,18.00
Adrian Griffith,99,8,14.14
Patterson Thompson,2,1,2.00
Franklyn Rose,217,23,12.05
Dinanath Ramnarine,5,3,1.66
Floyd Reifer,117,8,14.62
Rawl Lewis,291,21,18.18
Mervyn Dillon,227,51,7.32
Neil McGarrell,60,10,7.50
Carl Tuckett,-,0,-
Reon King,65,23,7.22
Keith Semple,64,6,10.66
Daren Ganga,843,34,25.54
Henderson Bryan,43,8,7.16
Nehemiah Perry,212,16,26.50
Ricardo Powell,2085,100,24.82
Wavell Hinds,2880,111,28.51
Corey Collymore,104,35,5.77
Chris Gayle2,10096,280,38.38
Pedro Collins,30,12,4.28
Sylvester Joseph,161,11,16.10
Mahendra Nagamootoo,162,18,13.50
Ramnaresh Sarwan,5804,169,42.67
Kerry Jeremy,17,4,8.50
Marlon Samuels,5606,196,32.97
Marlon Black,4,2,2.00
Colin Stuart,3,1,-
Leon Garrick,99,3,33.00
Jermaine Lawson,18,5,6.00
Darryl Brown,10,2,10.00
Ryan Hinds,101,9,16.83
Runako Morton,1519,51,33.75
Daren Powell,118,25,5.36
Omari Banks,83,5,16.60
Carlton Baugh,482,35,20.08
Devon Smith,1059,45,24.62
Ryan Hurley,13,4,3.25
David Bernard,7,2,3.50
Jerome Taylor,278,42,8.42
Ravi Rampaul,362,40,12.48
Fidel Edwards,73,22,9.12
Dwayne Smith,1560,89,18.57
Dwayne Bravo,2968,141,25.36
Ian Bradshaw,287,34,12.47
Tino Best,76,16,9.50
Darren Sammy,1871,105,24.94
Xavier Marshall1,375,24,17.85
Narsingh Deonarine,682,29,26.23
Denesh Ramdin,2200,110,25.00
Deighton Butler,25,4,25.00
Ryan Ramdass,1,1,1.00
Sewnarine Chattergoon,370,17,24.66
Dave Mohammed,0,1,-
Lendl Simmons,1958,65,31.58
Rayad Emrit,13,2,13.00
Kieron Pollard,2289,95,25.71
Austin Richards,2,1,2.00
Brenton Parchment,122,7,17.42
Patrick Browne,134,5,33.50
Sulieman Benn,182,30,7.91
Andre Fletcher,354,25,14.16
Shawn Findlay,146,8,20.85
Nikita Miller,284,27,20.28
Leon Johnson,98,6,16.33
Brendan Nash,104,7,26.00
Kemar Roach,280,54,13.33
Lionel Baker,13,4,6.50
Darren Bravo,2820,103,31.33
Travis Dowlin,228,11,25.33
Nelon Pascal,0,1,0.00
Dale Richards,179,7,25.57
Devon Thomas,238,19,14.00
Gavin Tonge,10,4,5.00
Kieran Powell,1005,44,22.84
Chadwick Walton,53,8,6.62
Royston Crandon,5,1,5.00
Adrian Barath,394,14,30.30
Andre Russell,998,44,28.51
Devendra Bishoo,164,25,10.93
Kirk Edwards,331,16,23.64
Anthony Martin,10,6,10.00
Danza Hyatt,112,9,14.00
Carlos Brathwaite,389,29,14.40
Sunil Narine,363,45,11.00
Jason Mohammed,551,24,23.95
Johnson Charles,1283,48,26.72
Veerasammy Permaul,19,4,6.33
Jason Holder,1574,77,26.23
Miguel Cummins,10,3,5.00
Jonathan Carter,581,28,23.24
Sheldon Cottrell,26,7,13.00
Jermaine Blackwood,11,2,5.50
Shannon Gabriel,21,14,3.50
Kraigg Brathwaite,278,10,27.80
Alzarri Joseph,104,8,34.66
Evin Lewis,1010,32,32.58
Shai Hope,2247,50,51.06
Ashley Nurse,482,38,19.28
Rovman Powell,670,31,23.92
Roston Chase,233,12,21.18
Kyle Hope,138,6,23.00
Kesrick Williams,19,5,19.00
Sunil Ambris,316,5,105.33
Ronsford Beaton,15,2,15.00
Shimron Hetmyer,899,24,40.86
Keemo Paul,115,9,16.42
Chandrapaul Hemraj,82,6,13.66
Oshane Thomas,0,3,0.00
Obed McCoy,0,1,-
Fabian Allen,32,6,6.40
John Campbell,248,5,49.60
Nicholas Pooran,0,1,0.00
Shane Dowrich,6,1,6.00
Raymon Reifer,7,1,7.00
